mat,bieu,series,tinh,nam,ky,vnd,nghin_ty
THU  quyết toán,B63,QUYẾT TOÁN/TỔNG THU NSNN,An Giang,2020,Năm,7297834000000,7.2978
THU  quyết toán,B63,QUYẾT TOÁN/TỔNG THU NSNN,An Giang,2021,Năm,7239880000000,7.2399
THU  quyết toán,B63,QUYẾT TOÁN/TỔNG THU NSNN,An Giang,2019,Năm,7186188000000,7.1862
THU  quyết toán,B63,QUYẾT TOÁN/TỔNG THU NSNN,An Giang,2017,Năm,5952904000000,5.9529
THU  quyết toán,B63,QUYẾT TOÁN/TỔNG THU NSNN,An Giang,2018,Năm,5992430000000,5.9924
THU  quyết toán,B63,QUYẾT TOÁN/TỔNG THU NSNN,Bắc Ninh,2019,Năm,30389904000000,30.3899
THU  quyết toán,B63,QUYẾT TOÁN/TỔNG THU NSNN,Bắc Ninh,2017,Năm,11772053000000,11.7721
THU  quyết toán,B63,QUYẾT TOÁN/TỔNG THU NSNN,Cà Mau,2022,Năm,5377945000000,5.3779
THU  quyết toán,B63,QUYẾT TOÁN/TỔNG THU NSNN,Cà Mau,2020,Năm,6307690000000,6.3077
THU  quyết toán,B63,QUYẾT TOÁN/TỔNG THU NSNN,Cà Mau,2019,Năm,5739587000000,5.7396
THU  quyết toán,B63,QUYẾT TOÁN/TỔNG THU NSNN,Cần Thơ,2019,Năm,11425859411725,11.4259
THU  quyết toán,B63,QUYẾT TOÁN/TỔNG THU NSNN,Cao Bằng,2022,Năm,4009979000000,4.01
THU  quyết toán,B63,QUYẾT TOÁN/TỔNG THU NSNN,Cao Bằng,2020,Năm,1984273000000,1.9843
THU  quyết toán,B63,QUYẾT TOÁN/TỔNG THU NSNN,Cao Bằng,2019,Năm,2270241000000,2.2702
THU  quyết toán,B63,QUYẾT TOÁN/TỔNG THU NSNN,Cao Bằng,2017,Năm,1545467000000,1.5455
THU  quyết toán,B63,QUYẾT TOÁN/TỔNG THU NSNN,Cao Bằng,2018,Năm,1923068000000,1.9231
THU  quyết toán,B63,QUYẾT TOÁN/TỔNG THU NSNN,Đà Nẵng,2022,Năm,24065209000000,24.0652
THU  quyết toán,B63,QUYẾT TOÁN/TỔNG THU NSNN,Đà Nẵng,2020,Năm,23954573000000,23.9546
THU  quyết toán,B63,QUYẾT TOÁN/TỔNG THU NSNN,Đà Nẵng,2019,Năm,27616982000000,27.617
THU  quyết toán,B63,QUYẾT TOÁN/TỔNG THU NSNN,Đà Nẵng,2017,Năm,23581914000000,23.5819
THU  quyết toán,B63,QUYẾT TOÁN/TỔNG THU NSNN,Đắk Lắk,2020,Năm,8401665000000,8.4017
THU  quyết toán,B63,QUYẾT TOÁN/TỔNG THU NSNN,Đắk Lắk,2019,Năm,7402543000000,7.4025
THU  quyết toán,B63,QUYẾT TOÁN/TỔNG THU NSNN,Đắk Lắk,2017,Năm,5175806000000,5.1758
THU  quyết toán,B63,QUYẾT TOÁN/TỔNG THU NSNN,Đắk Lắk,2018,Năm,5876713000000,5.8767
THU  quyết toán,B63,QUYẾT TOÁN/TỔNG THU NSNN,Điện Biên,2020,Năm,1458554440000,1.4586
THU  quyết toán,B63,QUYẾT TOÁN/TỔNG THU NSNN,Điện Biên,2019,Năm,1326690540000,1.3267
THU  quyết toán,B63,QUYẾT TOÁN/TỔNG THU NSNN,Điện Biên,2017,Năm,1123548980000,1.1235
THU  quyết toán,B63,QUYẾT TOÁN/TỔNG THU NSNN,Điện Biên,2018,Năm,1247558430000,1.2476
THU  quyết toán,B63,QUYẾT TOÁN/TỔNG THU NSNN,Đồng Nai,2020,Năm,55941533000000,55.9415
THU  quyết toán,B63,QUYẾT TOÁN/TỔNG THU NSNN,Đồng Nai,2019,Năm,55387751,0.0001
THU  quyết toán,B63,QUYẾT TOÁN/TỔNG THU NSNN,Đồng Tháp,2022,Năm,8043942000000,8.0439
THU  quyết toán,B63,QUYẾT TOÁN/TỔNG THU NSNN,Đồng Tháp,2020,Năm,8450687000000,8.4507
THU  quyết toán,B63,QUYẾT TOÁN/TỔNG THU NSNN,Đồng Tháp,2019,Năm,8821334000000,8.8213
THU  quyết toán,B63,QUYẾT TOÁN/TỔNG THU NSNN,Đồng Tháp,2017,Năm,6811750000000,6.8117
THU  quyết toán,B63,QUYẾT TOÁN/TỔNG THU NSNN,Đồng Tháp,2018,Năm,6811750000000,6.8117
THU  quyết toán,B63,QUYẾT TOÁN/TỔNG THU NSNN,Gia Lai,2022,Năm,5641803000000,5.6418
THU  quyết toán,B63,QUYẾT TOÁN/TỔNG THU NSNN,Gia Lai,2017,Năm,4244996000000,4.245
THU  quyết toán,B63,QUYẾT TOÁN/TỔNG THU NSNN,Gia Lai,2018,Năm,4508543000000,4.5085
THU  quyết toán,B63,QUYẾT TOÁN/TỔNG THU NSNN,Hà Tĩnh,2022,Năm,18056562000000,18.0566
THU  quyết toán,B63,QUYẾT TOÁN/TỔNG THU NSNN,Hà Tĩnh,2019,Năm,13494868000000,13.4949
THU  quyết toán,B63,QUYẾT TOÁN/TỔNG THU NSNN,Hải Phòng,2020,Năm,80446471000000,80.4465
THU  quyết toán,B63,QUYẾT TOÁN/TỔNG THU NSNN,Hải Phòng,2019,Năm,86625027000000,86.625
THU  quyết toán,B63,QUYẾT TOÁN/TỔNG THU NSNN,Hải Phòng,2017,Năm,69340729000000,69.3407
THU  quyết toán,B63,QUYẾT TOÁN/TỔNG THU NSNN,Hải Phòng,2018,Năm,71844203000000,71.8442
THU  quyết toán,B63,QUYẾT TOÁN/TỔNG THU NSNN,Khánh Hòa,2022,Năm,16581377000000,16.5814
THU  quyết toán,B63,QUYẾT TOÁN/TỔNG THU NSNN,Khánh Hòa,2020,Năm,13833976000000,13.834
THU  quyết toán,B63,QUYẾT TOÁN/TỔNG THU NSNN,Khánh Hòa,2021,Năm,14122160000000,14.1222
THU  quyết toán,B63,QUYẾT TOÁN/TỔNG THU NSNN,Khánh Hòa,2019,Năm,19075261000000,19.0753
THU  quyết toán,B63,QUYẾT TOÁN/TỔNG THU NSNN,Khánh Hòa,2018,Năm,21942922000000,21.9429
THU  quyết toán,B63,QUYẾT TOÁN/TỔNG THU NSNN,Lai Châu,2020,Năm,2294624898843,2.2946
THU  quyết toán,B63,QUYẾT TOÁN/TỔNG THU NSNN,Lai Châu,2019,Năm,2207613555371,2.2076
THU  quyết toán,B63,QUYẾT TOÁN/TỔNG THU NSNN,Lai Châu,2018,Năm,2262366768969,2.2624
THU  quyết toán,B63,QUYẾT TOÁN/TỔNG THU NSNN,Lâm Đồng,2021,Năm,11023189000000,11.0232
THU  quyết toán,B63,QUYẾT TOÁN/TỔNG THU NSNN,Lâm Đồng,2019,Năm,8674740000000,8.6747
THU  quyết toán,B63,QUYẾT TOÁN/TỔNG THU NSNN,Lâm Đồng,2017,Năm,6120507655084,6.1205
THU  quyết toán,B63,QUYẾT TOÁN/TỔNG THU NSNN,Lạng Sơn,2021,Năm,11005786000000,11.0058
THU  quyết toán,B63,QUYẾT TOÁN/TỔNG THU NSNN,Lạng Sơn,2019,Năm,6937272000000,6.9373
THU  quyết toán,B63,QUYẾT TOÁN/TỔNG THU NSNN,Lạng Sơn,2017,Năm,7289658000000,7.2897
THU  quyết toán,B63,QUYẾT TOÁN/TỔNG THU NSNN,Lạng Sơn,2018,Năm,5502451000000,5.5025
THU  quyết toán,B63,QUYẾT TOÁN/TỔNG THU NSNN,Lào Cai,2021,Năm,9952383000000,9.9524
THU  quyết toán,B63,QUYẾT TOÁN/TỔNG THU NSNN,Lào Cai,2017,Năm,8085306000000,8.0853
THU  quyết toán,B63,QUYẾT TOÁN/TỔNG THU NSNN,Lào Cai,2018,Năm,8085306000000,8.0853
THU  quyết toán,B63,QUYẾT TOÁN/TỔNG THU NSNN,Nghệ An,2020,Năm,17838123000000,17.8381
THU  quyết toán,B63,QUYẾT TOÁN/TỔNG THU NSNN,Nghệ An,2019,Năm,16766961000000,16.767
THU  quyết toán,B63,QUYẾT TOÁN/TỔNG THU NSNN,Nghệ An,2017,Năm,12962772000000,12.9628
THU  quyết toán,B63,QUYẾT TOÁN/TỔNG THU NSNN,Nghệ An,2018,Năm,13998169000000,13.9982
THU  quyết toán,B63,QUYẾT TOÁN/TỔNG THU NSNN,Ninh Bình,2020,Năm,21332055000000,21.3321
THU  quyết toán,B63,QUYẾT TOÁN/TỔNG THU NSNN,Ninh Bình,2019,Năm,16632112000000,16.6321
THU  quyết toán,B63,QUYẾT TOÁN/TỔNG THU NSNN,Phú Thọ,2017,Năm,6384168000000,6.3842
THU  quyết toán,B63,QUYẾT TOÁN/TỔNG THU NSNN,Phú Thọ,2018,Năm,6679318000000,6.6793
THU  quyết toán,B63,QUYẾT TOÁN/TỔNG THU NSNN,Quảng Ngãi,2022,Năm,33879060000000,33.8791
THU  quyết toán,B63,QUYẾT TOÁN/TỔNG THU NSNN,Quảng Ngãi,2020,Năm,21139662000000,21.1397
THU  quyết toán,B63,QUYẾT TOÁN/TỔNG THU NSNN,Quảng Ngãi,2019,Năm,21139662000000,21.1397
THU  quyết toán,B63,QUYẾT TOÁN/TỔNG THU NSNN,Quảng Ngãi,2017,Năm,15116009000000,15.116
THU  quyết toán,B63,QUYẾT TOÁN/TỔNG THU NSNN,Quảng Ngãi,2018,Năm,20123792000000,20.1238
THU  quyết toán,B63,QUYẾT TOÁN/TỔNG THU NSNN,Quảng Ninh,2020,Năm,49259433000000,49.2594
THU  quyết toán,B63,QUYẾT TOÁN/TỔNG THU NSNN,Quảng Ninh,2019,Năm,46159066000000,46.1591
THU  quyết toán,B63,QUYẾT TOÁN/TỔNG THU NSNN,Quảng Ninh,2017,Năm,49294067000000,49.2941
THU  quyết toán,B63,QUYẾT TOÁN/TỔNG THU NSNN,Quảng Trị,2020,Năm,3642736000000,3.6427
THU  quyết toán,B63,QUYẾT TOÁN/TỔNG THU NSNN,Quảng Trị,2019,Năm,3249796000000,3.2498
THU  quyết toán,B63,QUYẾT TOÁN/TỔNG THU NSNN,Quảng Trị,2017,Năm,2502309000000,2.5023
THU  quyết toán,B63,QUYẾT TOÁN/TỔNG THU NSNN,Quảng Trị,2018,Năm,2726231000000,2.7262
THU  quyết toán,B63,QUYẾT TOÁN/TỔNG THU NSNN,Tây Ninh,2020,Năm,10150928000000,10.1509
THU  quyết toán,B63,QUYẾT TOÁN/TỔNG THU NSNN,Tây Ninh,2019,Năm,9603605000000,9.6036
THU  quyết toán,B63,QUYẾT TOÁN/TỔNG THU NSNN,Tây Ninh,2017,Năm,6945392000000,6.9454
THU  quyết toán,B63,QUYẾT TOÁN/TỔNG THU NSNN,Thái Nguyên,2022,Năm,19107083000000,19.1071
THU  quyết toán,B63,QUYẾT TOÁN/TỔNG THU NSNN,Thái Nguyên,2020,Năm,15623214000000,15.6232
THU  quyết toán,B63,QUYẾT TOÁN/TỔNG THU NSNN,Thái Nguyên,2019,Năm,15537707000000,15.5377
THU  quyết toán,B63,QUYẾT TOÁN/TỔNG THU NSNN,Thanh Hóa,2020,Năm,31552991000000,31.553
THU  quyết toán,B63,QUYẾT TOÁN/TỔNG THU NSNN,Thanh Hóa,2017,Năm,13419865000000,13.4199
THU  quyết toán,B63,QUYẾT TOÁN/TỔNG THU NSNN,Thanh Hóa,2018,Năm,23181858000000,23.1819
THU  quyết toán,B63,QUYẾT TOÁN/TỔNG THU NSNN,Tuyên Quang,2020,Năm,2355122000000,2.3551
THU  quyết toán,B63,QUYẾT TOÁN/TỔNG THU NSNN,Tuyên Quang,2019,Năm,2164240200000,2.1642
THU  quyết toán,B63,QUYẾT TOÁN/TỔNG THU NSNN,Tuyên Quang,2017,Năm,1772439400000,1.7724
THU  quyết toán,B63,QUYẾT TOÁN/TỔNG THU NSNN,Tuyên Quang,2018,Năm,1964690400000,1.9647
THU  quyết toán,B63,QUYẾT TOÁN/TỔNG THU NSNN,Vĩnh Long,2022,Năm,7382087000000,7.3821
THU  quyết toán,B63,QUYẾT TOÁN/TỔNG THU NSNN,Vĩnh Long,2020,Năm,8635334000000,8.6353
THU  quyết toán,B63,QUYẾT TOÁN/TỔNG THU NSNN,Vĩnh Long,2019,Năm,7700005000000,7.7
THU  quyết toán,B63,QUYẾT TOÁN/TỔNG THU NSNN,Vĩnh Long,2017,Năm,6982229000000,6.9822
THU  quyết toán,B63,QUYẾT TOÁN/TỔNG THU NSNN,Vĩnh Long,2018,Năm,6347215000000,6.3472
THU  dự toán,B63,DỰ TOÁN/TỔNG THU NSNN,An Giang,2020,Năm,6757000000000,6.757
THU  dự toán,B63,DỰ TOÁN/TỔNG THU NSNN,An Giang,2021,Năm,6863000000000,6.863
THU  dự toán,B63,DỰ TOÁN/TỔNG THU NSNN,An Giang,2019,Năm,6080000000000,6.08
THU  dự toán,B63,DỰ TOÁN/TỔNG THU NSNN,An Giang,2017,Năm,5335000000000,5.335
THU  dự toán,B63,DỰ TOÁN/TỔNG THU NSNN,An Giang,2018,Năm,5700000000000,5.7
THU  dự toán,B63,DỰ TOÁN/TỔNG THU NSNN,Bắc Ninh,2019,Năm,27397000000000,27.397
THU  dự toán,B63,DỰ TOÁN/TỔNG THU NSNN,Bắc Ninh,2017,Năm,18861000000000,18.861
THU  dự toán,B63,DỰ TOÁN/TỔNG THU NSNN,Cà Mau,2022,Năm,4401000000000,4.401
THU  dự toán,B63,DỰ TOÁN/TỔNG THU NSNN,Cà Mau,2020,Năm,5695000000000,5.695
THU  dự toán,B63,DỰ TOÁN/TỔNG THU NSNN,Cà Mau,2019,Năm,4569000000000,4.569
THU  dự toán,B63,DỰ TOÁN/TỔNG THU NSNN,Cần Thơ,2019,Năm,11504000000000,11.504
THU  dự toán,B63,DỰ TOÁN/TỔNG THU NSNN,Cao Bằng,2022,Năm,2018000000000,2.018
THU  dự toán,B63,DỰ TOÁN/TỔNG THU NSNN,Cao Bằng,2020,Năm,1800000000000,1.8
THU  dự toán,B63,DỰ TOÁN/TỔNG THU NSNN,Cao Bằng,2019,Năm,1500000000000,1.5
THU  dự toán,B63,DỰ TOÁN/TỔNG THU NSNN,Cao Bằng,2017,Năm,1350000000000,1.35
THU  dự toán,B63,DỰ TOÁN/TỔNG THU NSNN,Cao Bằng,2018,Năm,1369000000000,1.369
THU  dự toán,B63,DỰ TOÁN/TỔNG THU NSNN,Đà Nẵng,2022,Năm,19635667000000,19.6357
THU  dự toán,B63,DỰ TOÁN/TỔNG THU NSNN,Đà Nẵng,2020,Năm,30935000000000,30.935
THU  dự toán,B63,DỰ TOÁN/TỔNG THU NSNN,Đà Nẵng,2019,Năm,27379000000000,27.379
THU  dự toán,B63,DỰ TOÁN/TỔNG THU NSNN,Đà Nẵng,2017,Năm,20900000000000,20.9
THU  dự toán,B63,DỰ TOÁN/TỔNG THU NSNN,Đắk Lắk,2020,Năm,8480000000000,8.48
THU  dự toán,B63,DỰ TOÁN/TỔNG THU NSNN,Đắk Lắk,2019,Năm,6810000000000,6.81
THU  dự toán,B63,DỰ TOÁN/TỔNG THU NSNN,Đắk Lắk,2017,Năm,4500000000000,4.5
THU  dự toán,B63,DỰ TOÁN/TỔNG THU NSNN,Đắk Lắk,2018,Năm,5000000000000,5.0
THU  dự toán,B63,DỰ TOÁN/TỔNG THU NSNN,Điện Biên,2020,Năm,1249935000000,1.2499
THU  dự toán,B63,DỰ TOÁN/TỔNG THU NSNN,Điện Biên,2019,Năm,1196397000000,1.1964
THU  dự toán,B63,DỰ TOÁN/TỔNG THU NSNN,Điện Biên,2017,Năm,1052500000000,1.0525
THU  dự toán,B63,DỰ TOÁN/TỔNG THU NSNN,Điện Biên,2018,Năm,1078094000000,1.0781
THU  dự toán,B63,DỰ TOÁN/TỔNG THU NSNN,Đồng Nai,2020,Năm,53140000000000,53.14
THU  dự toán,B63,DỰ TOÁN/TỔNG THU NSNN,Đồng Nai,2019,Năm,54291000,0.0001
THU  dự toán,B63,DỰ TOÁN/TỔNG THU NSNN,Đồng Tháp,2022,Năm,6818777000000,6.8188
THU  dự toán,B63,DỰ TOÁN/TỔNG THU NSNN,Đồng Tháp,2020,Năm,8495000000000,8.495
THU  dự toán,B63,DỰ TOÁN/TỔNG THU NSNN,Đồng Tháp,2019,Năm,7085000000000,7.085
THU  dự toán,B63,DỰ TOÁN/TỔNG THU NSNN,Đồng Tháp,2017,Năm,6610000000000,6.61
THU  dự toán,B63,DỰ TOÁN/TỔNG THU NSNN,Đồng Tháp,2018,Năm,6610000000000,6.61
THU  dự toán,B63,DỰ TOÁN/TỔNG THU NSNN,Gia Lai,2022,Năm,5827000000000,5.827
THU  dự toán,B63,DỰ TOÁN/TỔNG THU NSNN,Gia Lai,2017,Năm,3571600000000,3.5716
THU  dự toán,B63,DỰ TOÁN/TỔNG THU NSNN,Gia Lai,2018,Năm,4200000000000,4.2
THU  dự toán,B63,DỰ TOÁN/TỔNG THU NSNN,Hà Tĩnh,2022,Năm,16250000000000,16.25
THU  dự toán,B63,DỰ TOÁN/TỔNG THU NSNN,Hà Tĩnh,2019,Năm,13266554000000,13.2666
THU  dự toán,B63,DỰ TOÁN/TỔNG THU NSNN,Hải Phòng,2020,Năm,96000000000000,96.0
THU  dự toán,B63,DỰ TOÁN/TỔNG THU NSNN,Hải Phòng,2019,Năm,66665000000000,66.665
THU  dự toán,B63,DỰ TOÁN/TỔNG THU NSNN,Hải Phòng,2017,Năm,75361890000000,75.3619
THU  dự toán,B63,DỰ TOÁN/TỔNG THU NSNN,Hải Phòng,2018,Năm,67695000000000,67.695
THU  dự toán,B63,DỰ TOÁN/TỔNG THU NSNN,Khánh Hòa,2022,Năm,12015000000000,12.015
THU  dự toán,B63,DỰ TOÁN/TỔNG THU NSNN,Khánh Hòa,2020,Năm,17273000000000,17.273
THU  dự toán,B63,DỰ TOÁN/TỔNG THU NSNN,Khánh Hòa,2021,Năm,13758200000000,13.7582
THU  dự toán,B63,DỰ TOÁN/TỔNG THU NSNN,Khánh Hòa,2019,Năm,16795000000000,16.795
THU  dự toán,B63,DỰ TOÁN/TỔNG THU NSNN,Khánh Hòa,2018,Năm,14665000000000,14.665
THU  dự toán,B63,DỰ TOÁN/TỔNG THU NSNN,Lai Châu,2020,Năm,2150000000000,2.15
THU  dự toán,B63,DỰ TOÁN/TỔNG THU NSNN,Lai Châu,2019,Năm,2150000000000,2.15
THU  dự toán,B63,DỰ TOÁN/TỔNG THU NSNN,Lai Châu,2018,Năm,1960000000000,1.96
THU  dự toán,B63,DỰ TOÁN/TỔNG THU NSNN,Lâm Đồng,2021,Năm,9300000000000,9.3
THU  dự toán,B63,DỰ TOÁN/TỔNG THU NSNN,Lâm Đồng,2019,Năm,8050000000000,8.05
THU  dự toán,B63,DỰ TOÁN/TỔNG THU NSNN,Lâm Đồng,2017,Năm,5797000000000,5.797
THU  dự toán,B63,DỰ TOÁN/TỔNG THU NSNN,Lạng Sơn,2021,Năm,5835000000000,5.835
THU  dự toán,B63,DỰ TOÁN/TỔNG THU NSNN,Lạng Sơn,2019,Năm,5451000000000,5.451
THU  dự toán,B63,DỰ TOÁN/TỔNG THU NSNN,Lạng Sơn,2017,Năm,7421505000000,7.4215
THU  dự toán,B63,DỰ TOÁN/TỔNG THU NSNN,Lạng Sơn,2018,Năm,5896000000000,5.896
THU  dự toán,B63,DỰ TOÁN/TỔNG THU NSNN,Lào Cai,2021,Năm,9500000000000,9.5
THU  dự toán,B63,DỰ TOÁN/TỔNG THU NSNN,Lào Cai,2017,Năm,7400000000000,7.4
THU  dự toán,B63,DỰ TOÁN/TỔNG THU NSNN,Lào Cai,2018,Năm,7400000000000,7.4
THU  dự toán,B63,DỰ TOÁN/TỔNG THU NSNN,Nghệ An,2020,Năm,15560118000000,15.5601
THU  dự toán,B63,DỰ TOÁN/TỔNG THU NSNN,Nghệ An,2019,Năm,13498000000000,13.498
THU  dự toán,B63,DỰ TOÁN/TỔNG THU NSNN,Nghệ An,2017,Năm,11590000000000,11.59
THU  dự toán,B63,DỰ TOÁN/TỔNG THU NSNN,Nghệ An,2018,Năm,12691000000000,12.691
THU  dự toán,B63,DỰ TOÁN/TỔNG THU NSNN,Ninh Bình,2020,Năm,14450000000000,14.45
THU  dự toán,B63,DỰ TOÁN/TỔNG THU NSNN,Ninh Bình,2019,Năm,10128700000000,10.1287
THU  dự toán,B63,DỰ TOÁN/TỔNG THU NSNN,Phú Thọ,2017,Năm,4896000000000,4.896
THU  dự toán,B63,DỰ TOÁN/TỔNG THU NSNN,Phú Thọ,2018,Năm,6025000000000,6.025
THU  dự toán,B63,DỰ TOÁN/TỔNG THU NSNN,Quảng Ngãi,2022,Năm,24210000000000,24.21
THU  dự toán,B63,DỰ TOÁN/TỔNG THU NSNN,Quảng Ngãi,2020,Năm,19750000000000,19.75
THU  dự toán,B63,DỰ TOÁN/TỔNG THU NSNN,Quảng Ngãi,2019,Năm,19750000000000,19.75
THU  dự toán,B63,DỰ TOÁN/TỔNG THU NSNN,Quảng Ngãi,2017,Năm,12095000000000,12.095
THU  dự toán,B63,DỰ TOÁN/TỔNG THU NSNN,Quảng Ngãi,2018,Năm,14655000000000,14.655
THU  dự toán,B63,DỰ TOÁN/TỔNG THU NSNN,Quảng Ninh,2020,Năm,48000000000000,48.0
THU  dự toán,B63,DỰ TOÁN/TỔNG THU NSNN,Quảng Ninh,2019,Năm,41500000000000,41.5
THU  dự toán,B63,DỰ TOÁN/TỔNG THU NSNN,Quảng Ninh,2017,Năm,31800000000000,31.8
THU  dự toán,B63,DỰ TOÁN/TỔNG THU NSNN,Quảng Trị,2020,Năm,3400000000000,3.4
THU  dự toán,B63,DỰ TOÁN/TỔNG THU NSNN,Quảng Trị,2019,Năm,2900000000000,2.9
THU  dự toán,B63,DỰ TOÁN/TỔNG THU NSNN,Quảng Trị,2017,Năm,2396000000000,2.396
THU  dự toán,B63,DỰ TOÁN/TỔNG THU NSNN,Quảng Trị,2018,Năm,2597000000000,2.597
THU  dự toán,B63,DỰ TOÁN/TỔNG THU NSNN,Tây Ninh,2020,Năm,10000000000000,10.0
THU  dự toán,B63,DỰ TOÁN/TỔNG THU NSNN,Tây Ninh,2019,Năm,8000000000000,8.0
THU  dự toán,B63,DỰ TOÁN/TỔNG THU NSNN,Tây Ninh,2017,Năm,6700000000000,6.7
THU  dự toán,B63,DỰ TOÁN/TỔNG THU NSNN,Thái Nguyên,2022,Năm,18000000000000,18.0
THU  dự toán,B63,DỰ TOÁN/TỔNG THU NSNN,Thái Nguyên,2020,Năm,15555000000000,15.555
THU  dự toán,B63,DỰ TOÁN/TỔNG THU NSNN,Thái Nguyên,2019,Năm,15000000000000,15.0
THU  dự toán,B63,DỰ TOÁN/TỔNG THU NSNN,Thanh Hóa,2020,Năm,28967000000000,28.967
THU  dự toán,B63,DỰ TOÁN/TỔNG THU NSNN,Thanh Hóa,2017,Năm,13512000000000,13.512
THU  dự toán,B63,DỰ TOÁN/TỔNG THU NSNN,Thanh Hóa,2018,Năm,21817000000000,21.817
THU  dự toán,B63,DỰ TOÁN/TỔNG THU NSNN,Tuyên Quang,2020,Năm,2440000000000,2.44
THU  dự toán,B63,DỰ TOÁN/TỔNG THU NSNN,Tuyên Quang,2019,Năm,2080000000000,2.08
THU  dự toán,B63,DỰ TOÁN/TỔNG THU NSNN,Tuyên Quang,2017,Năm,1743254000000,1.7433
THU  dự toán,B63,DỰ TOÁN/TỔNG THU NSNN,Tuyên Quang,2018,Năm,1822000000000,1.822
THU  dự toán,B63,DỰ TOÁN/TỔNG THU NSNN,Vĩnh Long,2022,Năm,6503000000000,6.503
THU  dự toán,B63,DỰ TOÁN/TỔNG THU NSNN,Vĩnh Long,2020,Năm,7160220000000,7.1602
THU  dự toán,B63,DỰ TOÁN/TỔNG THU NSNN,Vĩnh Long,2019,Năm,6170930000000,6.1709
THU  dự toán,B63,DỰ TOÁN/TỔNG THU NSNN,Vĩnh Long,2017,Năm,6136900000000,6.1369
THU  dự toán,B63,DỰ TOÁN/TỔNG THU NSNN,Vĩnh Long,2018,Năm,5770130000000,5.7701
CHI  quyết toán,B62,QUYẾT TOÁN,An Giang,2020,Năm,20689173000000,20.6892
CHI  quyết toán,B62,QUYẾT TOÁN,An Giang,2021,Năm,18794668000000,18.7947
CHI  quyết toán,B62,QUYẾT TOÁN,An Giang,2019,Năm,19087762000000,19.0878
CHI  quyết toán,B62,QUYẾT TOÁN,An Giang,2017,Năm,16062102000000,16.0621
CHI  quyết toán,B62,QUYẾT TOÁN,An Giang,2018,Năm,17745327000000,17.7453
CHI  quyết toán,B62,QUYẾT TOÁN,Bắc Ninh,2019,Năm,27655935000000,27.6559
CHI  quyết toán,B62,QUYẾT TOÁN,Bắc Ninh,2017,Năm,17409144000000,17.4091
CHI  quyết toán,B62,QUYẾT TOÁN,Bắc Ninh,2018,Năm,22110006000000,22.11
CHI  quyết toán,B62,QUYẾT TOÁN,Cà Mau,2022,Năm,14097666000000,14.0977
CHI  quyết toán,B62,QUYẾT TOÁN,Cà Mau,2020,Năm,15097824000000,15.0978
CHI  quyết toán,B62,QUYẾT TOÁN,Cà Mau,2019,Năm,13162839000000,13.1628
CHI  quyết toán,B62,QUYẾT TOÁN,Cà Mau,2018,Năm,11448523000000,11.4485
CHI  quyết toán,B62,QUYẾT TOÁN,Cần Thơ,2019,Năm,19041752727445,19.0418
CHI  quyết toán,B62,QUYẾT TOÁN,Cao Bằng,2022,Năm,13894109000000,13.8941
CHI  quyết toán,B62,QUYẾT TOÁN,Cao Bằng,2020,Năm,15271240000000,15.2712
CHI  quyết toán,B62,QUYẾT TOÁN,Cao Bằng,2019,Năm,13938786000000,13.9388
CHI  quyết toán,B62,QUYẾT TOÁN,Cao Bằng,2017,Năm,9919275000000,9.9193
CHI  quyết toán,B62,QUYẾT TOÁN,Cao Bằng,2018,Năm,11982819000000,11.9828
CHI  quyết toán,B62,QUYẾT TOÁN,Đà Nẵng,2022,Năm,33399702000000,33.3997
CHI  quyết toán,B62,QUYẾT TOÁN,Đà Nẵng,2020,Năm,36304428000000,36.3044
CHI  quyết toán,B62,QUYẾT TOÁN,Đà Nẵng,2019,Năm,32461027000000,32.461
CHI  quyết toán,B62,QUYẾT TOÁN,Đà Nẵng,2017,Năm,22302673000000,22.3027
CHI  quyết toán,B62,QUYẾT TOÁN,Đà Nẵng,2018,Năm,27336625000000,27.3366
CHI  quyết toán,B62,QUYẾT TOÁN,Đắk Lắk,2020,Năm,22778097000000,22.7781
CHI  quyết toán,B62,QUYẾT TOÁN,Đắk Lắk,2019,Năm,19634926000000,19.6349
CHI  quyết toán,B62,QUYẾT TOÁN,Đắk Lắk,2017,Năm,15099583000000,15.0996
CHI  quyết toán,B62,QUYẾT TOÁN,Đắk Lắk,2018,Năm,17000133000000,17.0001
CHI  quyết toán,B62,QUYẾT TOÁN,Điện Biên,2020,Năm,13384716830000,13.3847
CHI  quyết toán,B62,QUYẾT TOÁN,Điện Biên,2019,Năm,12401871500000,12.4019
CHI  quyết toán,B62,QUYẾT TOÁN,Điện Biên,2017,Năm,10503034180000,10.503
CHI  quyết toán,B62,QUYẾT TOÁN,Điện Biên,2018,Năm,11661563340000,11.6616
CHI  quyết toán,B62,QUYẾT TOÁN,Đồng Nai,2019,Năm,39740598,0.0
CHI  quyết toán,B62,QUYẾT TOÁN,Đồng Nai,2018,Năm,28324655,0.0
CHI  quyết toán,B62,QUYẾT TOÁN,Đồng Tháp,2022,Năm,20453359000000,20.4534
CHI  quyết toán,B62,QUYẾT TOÁN,Đồng Tháp,2020,Năm,19818811000000,19.8188
CHI  quyết toán,B62,QUYẾT TOÁN,Đồng Tháp,2019,Năm,24586902000000,24.5869
CHI  quyết toán,B62,QUYẾT TOÁN,Đồng Tháp,2017,Năm,19838404000000,19.8384
CHI  quyết toán,B62,QUYẾT TOÁN,Đồng Tháp,2018,Năm,21897416000000,21.8974
CHI  quyết toán,B62,QUYẾT TOÁN,Gia Lai,2022,Năm,17525545000000,17.5255
CHI  quyết toán,B62,QUYẾT TOÁN,Gia Lai,2017,Năm,12200286000000,12.2003
CHI  quyết toán,B62,QUYẾT TOÁN,Gia Lai,2018,Năm,13734666000000,13.7347
CHI  quyết toán,B62,QUYẾT TOÁN,Hà Nội,2021,Năm,196366387000000,196.3664
CHI  quyết toán,B62,QUYẾT TOÁN,Hà Nội,2019,Năm,152906908000000,152.9069
CHI  quyết toán,B62,QUYẾT TOÁN,Hà Nội,2017,Năm,107108354000000,107.1084
CHI  quyết toán,B62,QUYẾT TOÁN,Hà Nội,2018,Năm,132913020000000,132.913
CHI  quyết toán,B62,QUYẾT TOÁN,Hà Tĩnh,2022,Năm,29019317000000,29.0193
CHI  quyết toán,B62,QUYẾT TOÁN,Hà Tĩnh,2020,Năm,25567139000000,25.5671
CHI  quyết toán,B62,QUYẾT TOÁN,Hà Tĩnh,2019,Năm,31898330000000,31.8983
CHI  quyết toán,B62,QUYẾT TOÁN,Hà Tĩnh,2017,Năm,18538043000000,18.538
CHI  quyết toán,B62,QUYẾT TOÁN,Hải Phòng,2020,Năm,37017962000000,37.018
CHI  quyết toán,B62,QUYẾT TOÁN,Hải Phòng,2019,Năm,32035796000000,32.0358
CHI  quyết toán,B62,QUYẾT TOÁN,Hải Phòng,2017,Năm,26041830000000,26.0418
CHI  quyết toán,B62,QUYẾT TOÁN,Hải Phòng,2018,Năm,28988327000000,28.9883
CHI  quyết toán,B62,QUYẾT TOÁN,TP Hồ Chí Minh,2022,Năm,157368270000000,157.3683
CHI  quyết toán,B62,QUYẾT TOÁN,TP Hồ Chí Minh,2020,Năm,127179034000000,127.179
CHI  quyết toán,B62,QUYẾT TOÁN,TP Hồ Chí Minh,2019,Năm,95144983000000,95.145
CHI  quyết toán,B62,QUYẾT TOÁN,TP Hồ Chí Minh,2017,Năm,87385924000000,87.3859
CHI  quyết toán,B62,QUYẾT TOÁN,TP Hồ Chí Minh,2018,Năm,93226905000000,93.2269
CHI  quyết toán,B62,QUYẾT TOÁN,Hưng Yên,2019,Năm,14093772415071,14.0938
CHI  quyết toán,B62,QUYẾT TOÁN,Hưng Yên,2017,Năm,11152468000000,11.1525
CHI  quyết toán,B62,QUYẾT TOÁN,Hưng Yên,2018,Năm,11918149000000,11.9181
CHI  quyết toán,B62,QUYẾT TOÁN,Khánh Hòa,2022,Năm,20616545000000,20.6165
CHI  quyết toán,B62,QUYẾT TOÁN,Khánh Hòa,2020,Năm,17831715000000,17.8317
CHI  quyết toán,B62,QUYẾT TOÁN,Khánh Hòa,2021,Năm,17374193000000,17.3742
CHI  quyết toán,B62,QUYẾT TOÁN,Khánh Hòa,2019,Năm,17438337000000,17.4383
CHI  quyết toán,B62,QUYẾT TOÁN,Khánh Hòa,2017,Năm,13327977000000,13.328
CHI  quyết toán,B62,QUYẾT TOÁN,Khánh Hòa,2018,Năm,15409657000000,15.4097
CHI  quyết toán,B62,QUYẾT TOÁN,Lai Châu,2020,Năm,11177173807546,11.1772
CHI  quyết toán,B62,QUYẾT TOÁN,Lai Châu,2019,Năm,10218811711472,10.2188
CHI  quyết toán,B62,QUYẾT TOÁN,Lâm Đồng,2021,Năm,21068776000000,21.0688
CHI  quyết toán,B62,QUYẾT TOÁN,Lâm Đồng,2019,Năm,15693443000000,15.6934
CHI  quyết toán,B62,QUYẾT TOÁN,Lâm Đồng,2017,Năm,11664194405379,11.6642
CHI  quyết toán,B62,QUYẾT TOÁN,Lâm Đồng,2018,Năm,13152849000000,13.1528
CHI  quyết toán,B62,QUYẾT TOÁN,Lạng Sơn,2021,Năm,13304424000000,13.3044
CHI  quyết toán,B62,QUYẾT TOÁN,Lạng Sơn,2019,Năm,13274803000000,13.2748
CHI  quyết toán,B62,QUYẾT TOÁN,Lạng Sơn,2017,Năm,10405786000000,10.4058
CHI  quyết toán,B62,QUYẾT TOÁN,Lạng Sơn,2018,Năm,11820943000000,11.8209
CHI  quyết toán,B62,QUYẾT TOÁN,Lào Cai,2021,Năm,17737970000000,17.738
CHI  quyết toán,B62,QUYẾT TOÁN,Nghệ An,2020,Năm,37808193000000,37.8082
CHI  quyết toán,B62,QUYẾT TOÁN,Nghệ An,2019,Năm,32907988000000,32.908
CHI  quyết toán,B62,QUYẾT TOÁN,Nghệ An,2017,Năm,26279804000000,26.2798
CHI  quyết toán,B62,QUYẾT TOÁN,Nghệ An,2018,Năm,28529961000000,28.53
CHI  quyết toán,B62,QUYẾT TOÁN,Ninh Bình,2020,Năm,30498121000000,30.4981
CHI  quyết toán,B62,QUYẾT TOÁN,Ninh Bình,2019,Năm,20932561000000,20.9326
CHI  quyết toán,B62,QUYẾT TOÁN,Ninh Bình,2017,Năm,12963298000000,12.9633
CHI  quyết toán,B62,QUYẾT TOÁN,Ninh Bình,2018,Năm,16505629000000,16.5056
CHI  quyết toán,B62,QUYẾT TOÁN,Phú Thọ,2017,Năm,14259700000000,14.2597
CHI  quyết toán,B62,QUYẾT TOÁN,Phú Thọ,2018,Năm,14774623000000,14.7746
CHI  quyết toán,B62,QUYẾT TOÁN,Quảng Ngãi,2020,Năm,22570205000000,22.5702
CHI  quyết toán,B62,QUYẾT TOÁN,Quảng Ngãi,2019,Năm,22570205000000,22.5702
CHI  quyết toán,B62,QUYẾT TOÁN,Quảng Ngãi,2017,Năm,12102858000000,12.1029
CHI  quyết toán,B62,QUYẾT TOÁN,Quảng Ngãi,2018,Năm,21666289000000,21.6663
CHI  quyết toán,B62,QUYẾT TOÁN,Quảng Ninh,2020,Năm,38407121000000,38.4071
CHI  quyết toán,B62,QUYẾT TOÁN,Quảng Ninh,2019,Năm,33455044000000,33.455
CHI  quyết toán,B62,QUYẾT TOÁN,Quảng Ninh,2017,Năm,35558522000000,35.5585
CHI  quyết toán,B62,QUYẾT TOÁN,Quảng Ninh,2018,Năm,31198393000000,31.1984
CHI  quyết toán,B62,QUYẾT TOÁN,Quảng Trị,2020,Năm,11912077000000,11.9121
CHI  quyết toán,B62,QUYẾT TOÁN,Quảng Trị,2019,Năm,10246240000000,10.2462
CHI  quyết toán,B62,QUYẾT TOÁN,Quảng Trị,2017,Năm,8691433000000,8.6914
CHI  quyết toán,B62,QUYẾT TOÁN,Quảng Trị,2018,Năm,9052911000000,9.0529
CHI  quyết toán,B62,QUYẾT TOÁN,Tây Ninh,2019,Năm,11624356000000,11.6244
CHI  quyết toán,B62,QUYẾT TOÁN,Tây Ninh,2017,Năm,8563284000000,8.5633
CHI  quyết toán,B62,QUYẾT TOÁN,Tây Ninh,2018,Năm,10528373000000,10.5284
CHI  quyết toán,B62,QUYẾT TOÁN,Thái Nguyên,2022,Năm,28373882000000,28.3739
CHI  quyết toán,B62,QUYẾT TOÁN,Thái Nguyên,2020,Năm,21790106000000,21.7901
CHI  quyết toán,B62,QUYẾT TOÁN,Thái Nguyên,2019,Năm,19519774000000,19.5198
CHI  quyết toán,B62,QUYẾT TOÁN,Thanh Hóa,2020,Năm,47880433000000,47.8804
CHI  quyết toán,B62,QUYẾT TOÁN,Thanh Hóa,2017,Năm,37707833000000,37.7078
CHI  quyết toán,B62,QUYẾT TOÁN,Thanh Hóa,2018,Năm,40719604000000,40.7196
CHI  quyết toán,B62,QUYẾT TOÁN,Tuyên Quang,2020,Năm,11635582000000,11.6356
CHI  quyết toán,B62,QUYẾT TOÁN,Tuyên Quang,2019,Năm,9820752200000,9.8208
CHI  quyết toán,B62,QUYẾT TOÁN,Tuyên Quang,2017,Năm,7617184000000,7.6172
CHI  quyết toán,B62,QUYẾT TOÁN,Tuyên Quang,2018,Năm,8386887900000,8.3869
CHI  quyết toán,B62,QUYẾT TOÁN,Vĩnh Long,2022,Năm,17838969000000,17.839
CHI  quyết toán,B62,QUYẾT TOÁN,Vĩnh Long,2020,Năm,16287725000000,16.2877
CHI  quyết toán,B62,QUYẾT TOÁN,Vĩnh Long,2019,Năm,14720070000000,14.7201
CHI  quyết toán,B62,QUYẾT TOÁN,Vĩnh Long,2017,Năm,9628446000000,9.6284
CHI  quyết toán,B62,QUYẾT TOÁN,Vĩnh Long,2018,Năm,13970163000000,13.9702
CHI  dự toán,B62,DỰ TOÁN NĂM,An Giang,2020,Năm,14927460000000,14.9275
CHI  dự toán,B62,DỰ TOÁN NĂM,An Giang,2021,Năm,14937855000000,14.9379
CHI  dự toán,B62,DỰ TOÁN NĂM,An Giang,2019,Năm,13456673000000,13.4567
CHI  dự toán,B62,DỰ TOÁN NĂM,An Giang,2017,Năm,11736833000000,11.7368
CHI  dự toán,B62,DỰ TOÁN NĂM,An Giang,2018,Năm,13288199000000,13.2882
CHI  dự toán,B62,DỰ TOÁN NĂM,Bắc Ninh,2019,Năm,17720186000000,17.7202
CHI  dự toán,B62,DỰ TOÁN NĂM,Bắc Ninh,2017,Năm,12179953000000,12.18
CHI  dự toán,B62,DỰ TOÁN NĂM,Bắc Ninh,2018,Năm,15009325000000,15.0093
CHI  dự toán,B62,DỰ TOÁN NĂM,Cà Mau,2022,Năm,10640128000000,10.6401
CHI  dự toán,B62,DỰ TOÁN NĂM,Cà Mau,2020,Năm,11419299000000,11.4193
CHI  dự toán,B62,DỰ TOÁN NĂM,Cà Mau,2019,Năm,9696251000000,9.6963
CHI  dự toán,B62,DỰ TOÁN NĂM,Cà Mau,2018,Năm,9418496000000,9.4185
CHI  dự toán,B62,DỰ TOÁN NĂM,Cần Thơ,2019,Năm,12554022536541,12.554
CHI  dự toán,B62,DỰ TOÁN NĂM,Cao Bằng,2022,Năm,10947462000000,10.9475
CHI  dự toán,B62,DỰ TOÁN NĂM,Cao Bằng,2020,Năm,11138344000000,11.1383
CHI  dự toán,B62,DỰ TOÁN NĂM,Cao Bằng,2019,Năm,9545113000000,9.5451
CHI  dự toán,B62,DỰ TOÁN NĂM,Cao Bằng,2017,Năm,7647078000000,7.6471
CHI  dự toán,B62,DỰ TOÁN NĂM,Cao Bằng,2018,Năm,9781914000000,9.7819
CHI  dự toán,B62,DỰ TOÁN NĂM,Đà Nẵng,2022,Năm,15936852000000,15.9369
CHI  dự toán,B62,DỰ TOÁN NĂM,Đà Nẵng,2020,Năm,25431247000000,25.4312
CHI  dự toán,B62,DỰ TOÁN NĂM,Đà Nẵng,2019,Năm,18589487000000,18.5895
CHI  dự toán,B62,DỰ TOÁN NĂM,Đà Nẵng,2017,Năm,14677335000000,14.6773
CHI  dự toán,B62,DỰ TOÁN NĂM,Đà Nẵng,2018,Năm,18680464000000,18.6805
CHI  dự toán,B62,DỰ TOÁN NĂM,Đắk Lắk,2020,Năm,18724228000000,18.7242
CHI  dự toán,B62,DỰ TOÁN NĂM,Đắk Lắk,2019,Năm,16165047000000,16.165
CHI  dự toán,B62,DỰ TOÁN NĂM,Đắk Lắk,2017,Năm,12613488000000,12.6135
CHI  dự toán,B62,DỰ TOÁN NĂM,Đắk Lắk,2018,Năm,14905982000000,14.906
CHI  dự toán,B62,DỰ TOÁN NĂM,Điện Biên,2020,Năm,10056273000000,10.0563
CHI  dự toán,B62,DỰ TOÁN NĂM,Điện Biên,2019,Năm,9116240000000,9.1162
CHI  dự toán,B62,DỰ TOÁN NĂM,Điện Biên,2017,Năm,7652022000000,7.652
CHI  dự toán,B62,DỰ TOÁN NĂM,Điện Biên,2018,Năm,9061427000000,9.0614
CHI  dự toán,B62,DỰ TOÁN NĂM,Đồng Nai,2019,Năm,29335658,0.0
CHI  dự toán,B62,DỰ TOÁN NĂM,Đồng Nai,2018,Năm,26646864,0.0
CHI  dự toán,B62,DỰ TOÁN NĂM,Đồng Tháp,2022,Năm,14006153000000,14.0062
CHI  dự toán,B62,DỰ TOÁN NĂM,Đồng Tháp,2020,Năm,13686690000000,13.6867
CHI  dự toán,B62,DỰ TOÁN NĂM,Đồng Tháp,2019,Năm,12504502000000,12.5045
CHI  dự toán,B62,DỰ TOÁN NĂM,Đồng Tháp,2017,Năm,10329155000000,10.3292
CHI  dự toán,B62,DỰ TOÁN NĂM,Đồng Tháp,2018,Năm,11991619000000,11.9916
CHI  dự toán,B62,DỰ TOÁN NĂM,Gia Lai,2022,Năm,13433891000000,13.4339
CHI  dự toán,B62,DỰ TOÁN NĂM,Gia Lai,2017,Năm,9892726000000,9.8927
CHI  dự toán,B62,DỰ TOÁN NĂM,Gia Lai,2018,Năm,12002230000000,12.0022
CHI  dự toán,B62,DỰ TOÁN NĂM,Hà Nội,2021,Năm,108592991000000,108.593
CHI  dự toán,B62,DỰ TOÁN NĂM,Hà Nội,2019,Năm,101045878000000,101.0459
CHI  dự toán,B62,DỰ TOÁN NĂM,Hà Nội,2017,Năm,78043245000000,78.0432
CHI  dự toán,B62,DỰ TOÁN NĂM,Hà Nội,2018,Năm,95293019000000,95.293
CHI  dự toán,B62,DỰ TOÁN NĂM,Hà Tĩnh,2022,Năm,20380238000000,20.3802
CHI  dự toán,B62,DỰ TOÁN NĂM,Hà Tĩnh,2020,Năm,17993052000000,17.9931
CHI  dự toán,B62,DỰ TOÁN NĂM,Hà Tĩnh,2017,Năm,12965177000000,12.9652
CHI  dự toán,B62,DỰ TOÁN NĂM,Hải Phòng,2020,Năm,27662410000000,27.6624
CHI  dự toán,B62,DỰ TOÁN NĂM,Hải Phòng,2019,Năm,23449795000000,23.4498
CHI  dự toán,B62,DỰ TOÁN NĂM,Hải Phòng,2017,Năm,21635244000000,21.6352
CHI  dự toán,B62,DỰ TOÁN NĂM,Hải Phòng,2018,Năm,23450454000000,23.4505
CHI  dự toán,B62,DỰ TOÁN NĂM,TP Hồ Chí Minh,2022,Năm,99669494000000,99.6695
CHI  dự toán,B62,DỰ TOÁN NĂM,TP Hồ Chí Minh,2020,Năm,102048059000000,102.0481
CHI  dự toán,B62,DỰ TOÁN NĂM,TP Hồ Chí Minh,2019,Năm,88870105000000,88.8701
CHI  dự toán,B62,DỰ TOÁN NĂM,TP Hồ Chí Minh,2017,Năm,70646900000000,70.6469
CHI  dự toán,B62,DỰ TOÁN NĂM,TP Hồ Chí Minh,2018,Năm,86865626000000,86.8656
CHI  dự toán,B62,DỰ TOÁN NĂM,Hưng Yên,2019,Năm,9171417000000,9.1714
CHI  dự toán,B62,DỰ TOÁN NĂM,Hưng Yên,2017,Năm,7616247000000,7.6162
CHI  dự toán,B62,DỰ TOÁN NĂM,Hưng Yên,2018,Năm,9008537000000,9.0085
CHI  dự toán,B62,DỰ TOÁN NĂM,Khánh Hòa,2022,Năm,10629756000000,10.6298
CHI  dự toán,B62,DỰ TOÁN NĂM,Khánh Hòa,2020,Năm,12908230000000,12.9082
CHI  dự toán,B62,DỰ TOÁN NĂM,Khánh Hòa,2021,Năm,10962805000000,10.9628
CHI  dự toán,B62,DỰ TOÁN NĂM,Khánh Hòa,2019,Năm,12113589000000,12.1136
CHI  dự toán,B62,DỰ TOÁN NĂM,Khánh Hòa,2017,Năm,9335316000000,9.3353
CHI  dự toán,B62,DỰ TOÁN NĂM,Khánh Hòa,2018,Năm,10023923000000,10.0239
CHI  dự toán,B62,DỰ TOÁN NĂM,Lai Châu,2020,Năm,8550773000000,8.5508
CHI  dự toán,B62,DỰ TOÁN NĂM,Lai Châu,2019,Năm,7883230000000,7.8832
CHI  dự toán,B62,DỰ TOÁN NĂM,Lâm Đồng,2021,Năm,15377685000000,15.3777
CHI  dự toán,B62,DỰ TOÁN NĂM,Lâm Đồng,2019,Năm,12719800000000,12.7198
CHI  dự toán,B62,DỰ TOÁN NĂM,Lâm Đồng,2017,Năm,9912289000000,9.9123
CHI  dự toán,B62,DỰ TOÁN NĂM,Lâm Đồng,2018,Năm,11588170000000,11.5882
CHI  dự toán,B62,DỰ TOÁN NĂM,Lạng Sơn,2021,Năm,10737348000000,10.7373
CHI  dự toán,B62,DỰ TOÁN NĂM,Lạng Sơn,2019,Năm,10564816000000,10.5648
CHI  dự toán,B62,DỰ TOÁN NĂM,Lạng Sơn,2017,Năm,8338025000000,8.338
CHI  dự toán,B62,DỰ TOÁN NĂM,Lạng Sơn,2018,Năm,10029012000000,10.029
CHI  dự toán,B62,DỰ TOÁN NĂM,Lào Cai,2021,Năm,13789000000000,13.789
CHI  dự toán,B62,DỰ TOÁN NĂM,Nghệ An,2020,Năm,27462968000000,27.463
CHI  dự toán,B62,DỰ TOÁN NĂM,Nghệ An,2019,Năm,24343951000000,24.344
CHI  dự toán,B62,DỰ TOÁN NĂM,Nghệ An,2017,Năm,21049167000000,21.0492
CHI  dự toán,B62,DỰ TOÁN NĂM,Nghệ An,2018,Năm,24137490000000,24.1375
CHI  dự toán,B62,DỰ TOÁN NĂM,Ninh Bình,2020,Năm,12515813000000,12.5158
CHI  dự toán,B62,DỰ TOÁN NĂM,Ninh Bình,2019,Năm,9255712000000,9.2557
CHI  dự toán,B62,DỰ TOÁN NĂM,Ninh Bình,2017,Năm,7371481000000,7.3715
CHI  dự toán,B62,DỰ TOÁN NĂM,Ninh Bình,2018,Năm,8848562000000,8.8486
CHI  dự toán,B62,DỰ TOÁN NĂM,Phú Thọ,2017,Năm,10543766000000,10.5438
CHI  dự toán,B62,DỰ TOÁN NĂM,Phú Thọ,2018,Năm,11920760000000,11.9208
CHI  dự toán,B62,DỰ TOÁN NĂM,Quảng Ngãi,2020,Năm,16756979000000,16.757
CHI  dự toán,B62,DỰ TOÁN NĂM,Quảng Ngãi,2019,Năm,16756979000000,16.757
CHI  dự toán,B62,DỰ TOÁN NĂM,Quảng Ngãi,2017,Năm,10868102000000,10.8681
CHI  dự toán,B62,DỰ TOÁN NĂM,Quảng Ngãi,2018,Năm,14092186000000,14.0922
CHI  dự toán,B62,DỰ TOÁN NĂM,Quảng Ninh,2020,Năm,29156785000000,29.1568
CHI  dự toán,B62,DỰ TOÁN NĂM,Quảng Ninh,2019,Năm,26265209000000,26.2652
CHI  dự toán,B62,DỰ TOÁN NĂM,Quảng Ninh,2017,Năm,18831710000000,18.8317
CHI  dự toán,B62,DỰ TOÁN NĂM,Quảng Ninh,2018,Năm,23371884000000,23.3719
CHI  dự toán,B62,DỰ TOÁN NĂM,Quảng Trị,2020,Năm,9504128000000,9.5041
CHI  dự toán,B62,DỰ TOÁN NĂM,Quảng Trị,2019,Năm,7906788000000,7.9068
CHI  dự toán,B62,DỰ TOÁN NĂM,Quảng Trị,2017,Năm,6891157000000,6.8912
CHI  dự toán,B62,DỰ TOÁN NĂM,Quảng Trị,2018,Năm,7595565000000,7.5956
CHI  dự toán,B62,DỰ TOÁN NĂM,Tây Ninh,2019,Năm,8800000000000,8.8
CHI  dự toán,B62,DỰ TOÁN NĂM,Tây Ninh,2017,Năm,6942684000000,6.9427
CHI  dự toán,B62,DỰ TOÁN NĂM,Tây Ninh,2018,Năm,8445500000000,8.4455
CHI  dự toán,B62,DỰ TOÁN NĂM,Thái Nguyên,2022,Năm,18263886000000,18.2639
CHI  dự toán,B62,DỰ TOÁN NĂM,Thái Nguyên,2020,Năm,14888780000000,14.8888
CHI  dự toán,B62,DỰ TOÁN NĂM,Thái Nguyên,2019,Năm,14875774000000,14.8758
CHI  dự toán,B62,DỰ TOÁN NĂM,Thanh Hóa,2020,Năm,35307558000000,35.3076
CHI  dự toán,B62,DỰ TOÁN NĂM,Thanh Hóa,2017,Năm,24627609000000,24.6276
CHI  dự toán,B62,DỰ TOÁN NĂM,Thanh Hóa,2018,Năm,27991609000000,27.9916
CHI  dự toán,B62,DỰ TOÁN NĂM,Tuyên Quang,2020,Năm,9408800000000,9.4088
CHI  dự toán,B62,DỰ TOÁN NĂM,Tuyên Quang,2019,Năm,7468345000000,7.4683
CHI  dự toán,B62,DỰ TOÁN NĂM,Tuyên Quang,2017,Năm,6259006000000,6.259
CHI  dự toán,B62,DỰ TOÁN NĂM,Tuyên Quang,2018,Năm,7404156000000,7.4042
CHI  dự toán,B62,DỰ TOÁN NĂM,Vĩnh Long,2022,Năm,10967045000000,10.967
CHI  dự toán,B62,DỰ TOÁN NĂM,Vĩnh Long,2020,Năm,12424219000000,12.4242
CHI  dự toán,B62,DỰ TOÁN NĂM,Vĩnh Long,2019,Năm,10684252000000,10.6843
CHI  dự toán,B62,DỰ TOÁN NĂM,Vĩnh Long,2017,Năm,8025774000000,8.0258
CHI  dự toán,B62,DỰ TOÁN NĂM,Vĩnh Long,2018,Năm,8309969000000,8.31
THU NSNN trên địa bàn,B60,ƯỚC THỰC HIỆN QUÝ (dòng tiền quý),Cao Bằng,2018,Quý 1,302437000000,0.3024
THU NSNN trên địa bàn,B60,ƯỚC THỰC HIỆN QUÝ (dòng tiền quý),Cao Bằng,2018,Quý 2,342174000000,0.3422
THU NSNN trên địa bàn,B60,ƯỚC THỰC HIỆN QUÝ (dòng tiền quý),Cao Bằng,2018,Quý 3,0,0.0
THU NSNN trên địa bàn,B60,ƯỚC THỰC HIỆN QUÝ (dòng tiền quý),Cao Bằng,2018,Quý 4,905389000000,0.9054
THU NSNN trên địa bàn,B60,ƯỚC THỰC HIỆN QUÝ (dòng tiền quý),Cao Bằng,2019,Quý 1,335814000000,0.3358
THU NSNN trên địa bàn,B60,ƯỚC THỰC HIỆN QUÝ (dòng tiền quý),Cao Bằng,2019,Quý 2,324239000000,0.3242
THU NSNN trên địa bàn,B60,ƯỚC THỰC HIỆN QUÝ (dòng tiền quý),Cao Bằng,2019,Quý 3,393669000000,0.3937
THU NSNN trên địa bàn,B60,ƯỚC THỰC HIỆN QUÝ (dòng tiền quý),Cao Bằng,2019,Quý 4,1091278000000,1.0913
THU NSNN trên địa bàn,B60,ƯỚC THỰC HIỆN QUÝ (dòng tiền quý),Cao Bằng,2020,Quý 1,373673000000,0.3737
THU NSNN trên địa bàn,B60,ƯỚC THỰC HIỆN QUÝ (dòng tiền quý),Cao Bằng,2020,Quý 2,333559000000,0.3336
THU NSNN trên địa bàn,B60,ƯỚC THỰC HIỆN QUÝ (dòng tiền quý),Cao Bằng,2020,Quý 3,256149000000,0.2561
THU NSNN trên địa bàn,B60,ƯỚC THỰC HIỆN QUÝ (dòng tiền quý),Cao Bằng,2020,Quý 4,856619000000,0.8566
THU NSNN trên địa bàn,B60,ƯỚC THỰC HIỆN QUÝ (dòng tiền quý),Cao Bằng,2023,Quý 1,532778000000,0.5328
THU NSNN trên địa bàn,B60,ƯỚC THỰC HIỆN QUÝ (dòng tiền quý),Cao Bằng,2023,Quý 2,417702000000,0.4177
THU NSNN trên địa bàn,B60,ƯỚC THỰC HIỆN QUÝ (dòng tiền quý),Cao Bằng,2023,Quý 3,488292000000,0.4883
THU NSNN trên địa bàn,B60,ƯỚC THỰC HIỆN QUÝ (dòng tiền quý),Cao Bằng,2023,Quý 4,0,0.0
THU NSNN trên địa bàn,B60,ƯỚC THỰC HIỆN QUÝ (dòng tiền quý),Cà Mau,2023,Quý 1,1414000000000,1.414
THU NSNN trên địa bàn,B60,ƯỚC THỰC HIỆN QUÝ (dòng tiền quý),Cà Mau,2023,Quý 2,1253039000000,1.253
THU NSNN trên địa bàn,B60,ƯỚC THỰC HIỆN QUÝ (dòng tiền quý),Cà Mau,2023,Quý 3,1438750000000,1.4387
THU NSNN trên địa bàn,B60,ƯỚC THỰC HIỆN QUÝ (dòng tiền quý),Cà Mau,2023,Quý 4,1646480000000,1.6465
THU NSNN trên địa bàn,B60,ƯỚC THỰC HIỆN QUÝ (dòng tiền quý),Cần Thơ,2020,Quý 1,6678669000000,6.6787
THU NSNN trên địa bàn,B60,ƯỚC THỰC HIỆN QUÝ (dòng tiền quý),Cần Thơ,2020,Quý 2,3375856000000,3.3759
THU NSNN trên địa bàn,B60,ƯỚC THỰC HIỆN QUÝ (dòng tiền quý),Cần Thơ,2020,Quý 3,5744053000000,5.7441
THU NSNN trên địa bàn,B60,ƯỚC THỰC HIỆN QUÝ (dòng tiền quý),Cần Thơ,2020,Quý 4,3966482000000,3.9665
THU NSNN trên địa bàn,B60,ƯỚC THỰC HIỆN QUÝ (dòng tiền quý),Hà Tĩnh,2019,Quý 1,3212110000000,3.2121
THU NSNN trên địa bàn,B60,ƯỚC THỰC HIỆN QUÝ (dòng tiền quý),Hà Tĩnh,2019,Quý 2,3797219000000,3.7972
THU NSNN trên địa bàn,B60,ƯỚC THỰC HIỆN QUÝ (dòng tiền quý),Hà Tĩnh,2019,Quý 3,3142889000000,3.1429
THU NSNN trên địa bàn,B60,ƯỚC THỰC HIỆN QUÝ (dòng tiền quý),Hà Tĩnh,2019,Quý 4,3339650000000,3.3396
THU NSNN trên địa bàn,B60,ƯỚC THỰC HIỆN QUÝ (dòng tiền quý),Hà Tĩnh,2020,Quý 1,3905684000000,3.9057
THU NSNN trên địa bàn,B60,ƯỚC THỰC HIỆN QUÝ (dòng tiền quý),Hà Tĩnh,2020,Quý 2,2794496000000,2.7945
THU NSNN trên địa bàn,B60,ƯỚC THỰC HIỆN QUÝ (dòng tiền quý),Hà Tĩnh,2020,Quý 3,2663136000000,2.6631
THU NSNN trên địa bàn,B60,ƯỚC THỰC HIỆN QUÝ (dòng tiền quý),Hà Tĩnh,2020,Quý 4,3646882000000,3.6469
THU NSNN trên địa bàn,B60,ƯỚC THỰC HIỆN QUÝ (dòng tiền quý),Hà Tĩnh,2023,Quý 1,3473366000000,3.4734
THU NSNN trên địa bàn,B60,ƯỚC THỰC HIỆN QUÝ (dòng tiền quý),Hà Tĩnh,2023,Quý 2,5286532000000,5.2865
THU NSNN trên địa bàn,B60,ƯỚC THỰC HIỆN QUÝ (dòng tiền quý),Hà Tĩnh,2023,Quý 3,4260421000000,4.2604
THU NSNN trên địa bàn,B60,ƯỚC THỰC HIỆN QUÝ (dòng tiền quý),Hà Tĩnh,2023,Quý 4,5160956000000,5.161
THU NSNN trên địa bàn,B60,ƯỚC THỰC HIỆN QUÝ (dòng tiền quý),Hải Phòng,2023,Quý 1,23977940000000,23.9779
THU NSNN trên địa bàn,B60,ƯỚC THỰC HIỆN QUÝ (dòng tiền quý),Hải Phòng,2023,Quý 2,22512810000000,22.5128
THU NSNN trên địa bàn,B60,ƯỚC THỰC HIỆN QUÝ (dòng tiền quý),Hải Phòng,2023,Quý 3,18883243000000,18.8832
THU NSNN trên địa bàn,B60,ƯỚC THỰC HIỆN QUÝ (dòng tiền quý),Hải Phòng,2023,Quý 4,38252995000000,38.253
THU NSNN trên địa bàn,B60,ƯỚC THỰC HIỆN QUÝ (dòng tiền quý),Khánh Hòa,2021,Quý 1,4221784000000,4.2218
THU NSNN trên địa bàn,B60,ƯỚC THỰC HIỆN QUÝ (dòng tiền quý),Khánh Hòa,2021,Quý 2,3036032000000,3.036
THU NSNN trên địa bàn,B60,ƯỚC THỰC HIỆN QUÝ (dòng tiền quý),Khánh Hòa,2021,Quý 3,2698945000000,2.6989
THU NSNN trên địa bàn,B60,ƯỚC THỰC HIỆN QUÝ (dòng tiền quý),Khánh Hòa,2021,Quý 4,4152402000000,4.1524
THU NSNN trên địa bàn,B60,ƯỚC THỰC HIỆN QUÝ (dòng tiền quý),Lai Châu,2018,Quý 1,352077000000,0.3521
THU NSNN trên địa bàn,B60,ƯỚC THỰC HIỆN QUÝ (dòng tiền quý),Lai Châu,2018,Quý 2,509923000000,0.5099
THU NSNN trên địa bàn,B60,ƯỚC THỰC HIỆN QUÝ (dòng tiền quý),Lai Châu,2018,Quý 3,795600000000,0.7956
THU NSNN trên địa bàn,B60,ƯỚC THỰC HIỆN QUÝ (dòng tiền quý),Lai Châu,2018,Quý 4,465400000000,0.4654
THU NSNN trên địa bàn,B60,ƯỚC THỰC HIỆN QUÝ (dòng tiền quý),Lai Châu,2019,Quý 1,448600000000,0.4486
THU NSNN trên địa bàn,B60,ƯỚC THỰC HIỆN QUÝ (dòng tiền quý),Lai Châu,2019,Quý 2,501400000000,0.5014
THU NSNN trên địa bàn,B60,ƯỚC THỰC HIỆN QUÝ (dòng tiền quý),Lai Châu,2019,Quý 3,597195000000,0.5972
THU NSNN trên địa bàn,B60,ƯỚC THỰC HIỆN QUÝ (dòng tiền quý),Lai Châu,2019,Quý 4,660250000000,0.6603
THU NSNN trên địa bàn,B60,ƯỚC THỰC HIỆN QUÝ (dòng tiền quý),Lai Châu,2020,Quý 1,310401000000,0.3104
THU NSNN trên địa bàn,B60,ƯỚC THỰC HIỆN QUÝ (dòng tiền quý),Lai Châu,2020,Quý 2,391936000000,0.3919
THU NSNN trên địa bàn,B60,ƯỚC THỰC HIỆN QUÝ (dòng tiền quý),Lai Châu,2020,Quý 3,751487000000,0.7515
THU NSNN trên địa bàn,B60,ƯỚC THỰC HIỆN QUÝ (dòng tiền quý),Lai Châu,2020,Quý 4,873411000000,0.8734
THU NSNN trên địa bàn,B60,ƯỚC THỰC HIỆN QUÝ (dòng tiền quý),Lai Châu,2021,Quý 1,312577000000,0.3126
THU NSNN trên địa bàn,B60,ƯỚC THỰC HIỆN QUÝ (dòng tiền quý),Lai Châu,2021,Quý 2,490345000000,0.4903
THU NSNN trên địa bàn,B60,ƯỚC THỰC HIỆN QUÝ (dòng tiền quý),Lai Châu,2021,Quý 3,656702000000,0.6567
THU NSNN trên địa bàn,B60,ƯỚC THỰC HIỆN QUÝ (dòng tiền quý),Lai Châu,2021,Quý 4,605366000000,0.6054
THU NSNN trên địa bàn,B60,ƯỚC THỰC HIỆN QUÝ (dòng tiền quý),Lai Châu,2022,Quý 1,377328000000,0.3773
THU NSNN trên địa bàn,B60,ƯỚC THỰC HIỆN QUÝ (dòng tiền quý),Lai Châu,2022,Quý 2,538126000000,0.5381
THU NSNN trên địa bàn,B60,ƯỚC THỰC HIỆN QUÝ (dòng tiền quý),Lai Châu,2022,Quý 3,761546000000,0.7615
THU NSNN trên địa bàn,B60,ƯỚC THỰC HIỆN QUÝ (dòng tiền quý),Lai Châu,2022,Quý 4,545310000000,0.5453
THU NSNN trên địa bàn,B60,ƯỚC THỰC HIỆN QUÝ (dòng tiền quý),Lâm Đồng,2022,Quý 1,3789515000000,3.7895
THU NSNN trên địa bàn,B60,ƯỚC THỰC HIỆN QUÝ (dòng tiền quý),Lâm Đồng,2022,Quý 2,3924028000000,3.924
THU NSNN trên địa bàn,B60,ƯỚC THỰC HIỆN QUÝ (dòng tiền quý),Lâm Đồng,2022,Quý 3,3097065000000,3.0971
THU NSNN trên địa bàn,B60,ƯỚC THỰC HIỆN QUÝ (dòng tiền quý),Lâm Đồng,2022,Quý 4,2581659000000,2.5817
THU NSNN trên địa bàn,B60,ƯỚC THỰC HIỆN QUÝ (dòng tiền quý),Lạng Sơn,2019,Quý 1,1375728000000,1.3757
THU NSNN trên địa bàn,B60,ƯỚC THỰC HIỆN QUÝ (dòng tiền quý),Lạng Sơn,2019,Quý 2,1895807000000,1.8958
THU NSNN trên địa bàn,B60,ƯỚC THỰC HIỆN QUÝ (dòng tiền quý),Lạng Sơn,2019,Quý 3,1808407000000,1.8084
THU NSNN trên địa bàn,B60,ƯỚC THỰC HIỆN QUÝ (dòng tiền quý),Lạng Sơn,2019,Quý 4,1890098000000,1.8901
THU NSNN trên địa bàn,B60,ƯỚC THỰC HIỆN QUÝ (dòng tiền quý),Lạng Sơn,2020,Quý 1,1323540000000,1.3235
THU NSNN trên địa bàn,B60,ƯỚC THỰC HIỆN QUÝ (dòng tiền quý),Lạng Sơn,2020,Quý 2,1717914000000,1.7179
THU NSNN trên địa bàn,B60,ƯỚC THỰC HIỆN QUÝ (dòng tiền quý),Lạng Sơn,2020,Quý 3,1855448000000,1.8554
THU NSNN trên địa bàn,B60,ƯỚC THỰC HIỆN QUÝ (dòng tiền quý),Lạng Sơn,2020,Quý 4,2321304000000,2.3213
THU NSNN trên địa bàn,B60,ƯỚC THỰC HIỆN QUÝ (dòng tiền quý),Nghệ An,2018,Quý 1,2928855000000,2.9289
THU NSNN trên địa bàn,B60,ƯỚC THỰC HIỆN QUÝ (dòng tiền quý),Nghệ An,2018,Quý 2,3162140000000,3.1621
THU NSNN trên địa bàn,B60,ƯỚC THỰC HIỆN QUÝ (dòng tiền quý),Nghệ An,2018,Quý 3,3626605000000,3.6266
THU NSNN trên địa bàn,B60,ƯỚC THỰC HIỆN QUÝ (dòng tiền quý),Nghệ An,2018,Quý 4,3424000000000,3.424
THU NSNN trên địa bàn,B60,ƯỚC THỰC HIỆN QUÝ (dòng tiền quý),Nghệ An,2020,Quý 1,4388151000000,4.3882
THU NSNN trên địa bàn,B60,ƯỚC THỰC HIỆN QUÝ (dòng tiền quý),Nghệ An,2020,Quý 2,2576359000000,2.5764
THU NSNN trên địa bàn,B60,ƯỚC THỰC HIỆN QUÝ (dòng tiền quý),Nghệ An,2020,Quý 3,4094800000000,4.0948
THU NSNN trên địa bàn,B60,ƯỚC THỰC HIỆN QUÝ (dòng tiền quý),Nghệ An,2020,Quý 4,4932784000000,4.9328
THU NSNN trên địa bàn,B60,ƯỚC THỰC HIỆN QUÝ (dòng tiền quý),Phú Thọ,2019,Quý 1,1389054000000,1.3891
THU NSNN trên địa bàn,B60,ƯỚC THỰC HIỆN QUÝ (dòng tiền quý),Phú Thọ,2019,Quý 2,1982416000000,1.9824
THU NSNN trên địa bàn,B60,ƯỚC THỰC HIỆN QUÝ (dòng tiền quý),Phú Thọ,2019,Quý 3,2294100000000,2.2941
THU NSNN trên địa bàn,B60,ƯỚC THỰC HIỆN QUÝ (dòng tiền quý),Phú Thọ,2019,Quý 4,1439150000000,1.4391
THU NSNN trên địa bàn,B60,ƯỚC THỰC HIỆN QUÝ (dòng tiền quý),Quảng Ngãi,2018,Quý 1,4085048000000,4.085
THU NSNN trên địa bàn,B60,ƯỚC THỰC HIỆN QUÝ (dòng tiền quý),Quảng Ngãi,2018,Quý 2,5301243000000,5.3012
THU NSNN trên địa bàn,B60,ƯỚC THỰC HIỆN QUÝ (dòng tiền quý),Quảng Ngãi,2018,Quý 3,5376981000000,5.377
THU NSNN trên địa bàn,B60,ƯỚC THỰC HIỆN QUÝ (dòng tiền quý),Quảng Ngãi,2018,Quý 4,5339945000000,5.3399
THU NSNN trên địa bàn,B60,ƯỚC THỰC HIỆN QUÝ (dòng tiền quý),Quảng Ngãi,2019,Quý 1,4885962000000,4.886
THU NSNN trên địa bàn,B60,ƯỚC THỰC HIỆN QUÝ (dòng tiền quý),Quảng Ngãi,2019,Quý 2,4640828000000,4.6408
THU NSNN trên địa bàn,B60,ƯỚC THỰC HIỆN QUÝ (dòng tiền quý),Quảng Ngãi,2019,Quý 3,4060413000000,4.0604
THU NSNN trên địa bàn,B60,ƯỚC THỰC HIỆN QUÝ (dòng tiền quý),Quảng Ngãi,2019,Quý 4,7071098212000,7.0711
THU NSNN trên địa bàn,B60,ƯỚC THỰC HIỆN QUÝ (dòng tiền quý),Quảng Ngãi,2022,Quý 1,8638149000000,8.6381
THU NSNN trên địa bàn,B60,ƯỚC THỰC HIỆN QUÝ (dòng tiền quý),Quảng Ngãi,2022,Quý 2,8105318000000,8.1053
THU NSNN trên địa bàn,B60,ƯỚC THỰC HIỆN QUÝ (dòng tiền quý),Quảng Ngãi,2022,Quý 3,6244459000000,6.2445
THU NSNN trên địa bàn,B60,ƯỚC THỰC HIỆN QUÝ (dòng tiền quý),Quảng Ngãi,2022,Quý 4,11179051000000,11.1791
THU NSNN trên địa bàn,B60,ƯỚC THỰC HIỆN QUÝ (dòng tiền quý),Quảng Ngãi,2023,Quý 1,7235904000000,7.2359
THU NSNN trên địa bàn,B60,ƯỚC THỰC HIỆN QUÝ (dòng tiền quý),Quảng Ngãi,2023,Quý 2,5369556000000,5.3696
THU NSNN trên địa bàn,B60,ƯỚC THỰC HIỆN QUÝ (dòng tiền quý),Quảng Ngãi,2023,Quý 3,5655526000000,5.6555
THU NSNN trên địa bàn,B60,ƯỚC THỰC HIỆN QUÝ (dòng tiền quý),Quảng Ngãi,2023,Quý 4,10371483000000,10.3715
THU NSNN trên địa bàn,B60,ƯỚC THỰC HIỆN QUÝ (dòng tiền quý),Quảng Ninh,2018,Quý 1,10254584000000,10.2546
THU NSNN trên địa bàn,B60,ƯỚC THỰC HIỆN QUÝ (dòng tiền quý),Quảng Ninh,2018,Quý 2,10829627000000,10.8296
THU NSNN trên địa bàn,B60,ƯỚC THỰC HIỆN QUÝ (dòng tiền quý),Quảng Ninh,2018,Quý 3,9014710000000,9.0147
THU NSNN trên địa bàn,B60,ƯỚC THỰC HIỆN QUÝ (dòng tiền quý),Quảng Ninh,2018,Quý 4,10621709000000,10.6217
THU NSNN trên địa bàn,B60,ƯỚC THỰC HIỆN QUÝ (dòng tiền quý),Quảng Ninh,2019,Quý 1,12234346000000,12.2343
THU NSNN trên địa bàn,B60,ƯỚC THỰC HIỆN QUÝ (dòng tiền quý),Quảng Ninh,2019,Quý 2,11302861000000,11.3029
THU NSNN trên địa bàn,B60,ƯỚC THỰC HIỆN QUÝ (dòng tiền quý),Quảng Ninh,2019,Quý 3,10814360000000,10.8144
THU NSNN trên địa bàn,B60,ƯỚC THỰC HIỆN QUÝ (dòng tiền quý),Quảng Ninh,2019,Quý 4,11822061000000,11.8221
THU NSNN trên địa bàn,B60,ƯỚC THỰC HIỆN QUÝ (dòng tiền quý),Quảng Ninh,2020,Quý 1,13274336000000,13.2743
THU NSNN trên địa bàn,B60,ƯỚC THỰC HIỆN QUÝ (dòng tiền quý),Quảng Ninh,2020,Quý 2,11640130000000,11.6401
THU NSNN trên địa bàn,B60,ƯỚC THỰC HIỆN QUÝ (dòng tiền quý),Quảng Ninh,2020,Quý 3,11087024000000,11.087
THU NSNN trên địa bàn,B60,ƯỚC THỰC HIỆN QUÝ (dòng tiền quý),Quảng Ninh,2020,Quý 4,13498516000000,13.4985
THU NSNN trên địa bàn,B60,ƯỚC THỰC HIỆN QUÝ (dòng tiền quý),Quảng Ninh,2021,Quý 1,10874786000000,10.8748
THU NSNN trên địa bàn,B60,ƯỚC THỰC HIỆN QUÝ (dòng tiền quý),Quảng Ninh,2021,Quý 2,12250063000000,12.2501
THU NSNN trên địa bàn,B60,ƯỚC THỰC HIỆN QUÝ (dòng tiền quý),Quảng Ninh,2021,Quý 3,10402627000000,10.4026
THU NSNN trên địa bàn,B60,ƯỚC THỰC HIỆN QUÝ (dòng tiền quý),Quảng Ninh,2021,Quý 4,17536524000000,17.5365
THU NSNN trên địa bàn,B60,ƯỚC THỰC HIỆN QUÝ (dòng tiền quý),Quảng Trị,2021,Quý 1,1041828000000,1.0418
THU NSNN trên địa bàn,B60,ƯỚC THỰC HIỆN QUÝ (dòng tiền quý),Quảng Trị,2021,Quý 2,1604426000000,1.6044
THU NSNN trên địa bàn,B60,ƯỚC THỰC HIỆN QUÝ (dòng tiền quý),Quảng Trị,2021,Quý 3,1488241000000,1.4882
THU NSNN trên địa bàn,B60,ƯỚC THỰC HIỆN QUÝ (dòng tiền quý),Quảng Trị,2021,Quý 4,945893000000,0.9459
THU NSNN trên địa bàn,B60,ƯỚC THỰC HIỆN QUÝ (dòng tiền quý),Quảng Trị,2023,Quý 1,863833000000,0.8638
THU NSNN trên địa bàn,B60,ƯỚC THỰC HIỆN QUÝ (dòng tiền quý),Quảng Trị,2023,Quý 2,969196000000,0.9692
THU NSNN trên địa bàn,B60,ƯỚC THỰC HIỆN QUÝ (dòng tiền quý),Quảng Trị,2023,Quý 3,806556000000,0.8066
THU NSNN trên địa bàn,B60,ƯỚC THỰC HIỆN QUÝ (dòng tiền quý),Quảng Trị,2023,Quý 4,1160415000000,1.1604
THU NSNN trên địa bàn,B60,ƯỚC THỰC HIỆN QUÝ (dòng tiền quý),Thanh Hóa,2018,Quý 1,3063018000000,3.063
THU NSNN trên địa bàn,B60,ƯỚC THỰC HIỆN QUÝ (dòng tiền quý),Thanh Hóa,2018,Quý 2,4106110000000,4.1061
THU NSNN trên địa bàn,B60,ƯỚC THỰC HIỆN QUÝ (dòng tiền quý),Thanh Hóa,2018,Quý 3,6182259000000,6.1823
THU NSNN trên địa bàn,B60,ƯỚC THỰC HIỆN QUÝ (dòng tiền quý),Thanh Hóa,2018,Quý 4,8479413000000,8.4794
THU NSNN trên địa bàn,B60,ƯỚC THỰC HIỆN QUÝ (dòng tiền quý),Thanh Hóa,2019,Quý 1,6106491000000,6.1065
THU NSNN trên địa bàn,B60,ƯỚC THỰC HIỆN QUÝ (dòng tiền quý),Thanh Hóa,2019,Quý 2,7679917000000,7.6799
THU NSNN trên địa bàn,B60,ƯỚC THỰC HIỆN QUÝ (dòng tiền quý),Thanh Hóa,2019,Quý 3,5940996000000,5.941
THU NSNN trên địa bàn,B60,ƯỚC THỰC HIỆN QUÝ (dòng tiền quý),Thanh Hóa,2019,Quý 4,7631403000000,7.6314
THU NSNN trên địa bàn,B60,ƯỚC THỰC HIỆN QUÝ (dòng tiền quý),Thanh Hóa,2020,Quý 1,7406301000000,7.4063
THU NSNN trên địa bàn,B60,ƯỚC THỰC HIỆN QUÝ (dòng tiền quý),Thanh Hóa,2020,Quý 2,7079189000000,7.0792
THU NSNN trên địa bàn,B60,ƯỚC THỰC HIỆN QUÝ (dòng tiền quý),Thanh Hóa,2020,Quý 3,6732660000000,6.7327
THU NSNN trên địa bàn,B60,ƯỚC THỰC HIỆN QUÝ (dòng tiền quý),Thanh Hóa,2020,Quý 4,7748850000000,7.7489
THU NSNN trên địa bàn,B60,ƯỚC THỰC HIỆN QUÝ (dòng tiền quý),Thái Nguyên,2019,Quý 1,3715335000000,3.7153
THU NSNN trên địa bàn,B60,ƯỚC THỰC HIỆN QUÝ (dòng tiền quý),Thái Nguyên,2019,Quý 2,3257348000000,3.2573
THU NSNN trên địa bàn,B60,ƯỚC THỰC HIỆN QUÝ (dòng tiền quý),Thái Nguyên,2019,Quý 3,3004147000000,3.0041
THU NSNN trên địa bàn,B60,ƯỚC THỰC HIỆN QUÝ (dòng tiền quý),Thái Nguyên,2019,Quý 4,5030328000000,5.0303
THU NSNN trên địa bàn,B60,ƯỚC THỰC HIỆN QUÝ (dòng tiền quý),Thái Nguyên,2020,Quý 1,3551948000000,3.5519
THU NSNN trên địa bàn,B60,ƯỚC THỰC HIỆN QUÝ (dòng tiền quý),Thái Nguyên,2020,Quý 2,3745531000000,3.7455
THU NSNN trên địa bàn,B60,ƯỚC THỰC HIỆN QUÝ (dòng tiền quý),Thái Nguyên,2020,Quý 3,3049006000000,3.049
THU NSNN trên địa bàn,B60,ƯỚC THỰC HIỆN QUÝ (dòng tiền quý),Thái Nguyên,2020,Quý 4,5208515000000,5.2085
THU NSNN trên địa bàn,B60,ƯỚC THỰC HIỆN QUÝ (dòng tiền quý),Thái Nguyên,2023,Quý 1,5715546000000,5.7155
THU NSNN trên địa bàn,B60,ƯỚC THỰC HIỆN QUÝ (dòng tiền quý),Thái Nguyên,2023,Quý 2,3794582000000,3.7946
THU NSNN trên địa bàn,B60,ƯỚC THỰC HIỆN QUÝ (dòng tiền quý),Thái Nguyên,2023,Quý 3,3907353000000,3.9074
THU NSNN trên địa bàn,B60,ƯỚC THỰC HIỆN QUÝ (dòng tiền quý),Thái Nguyên,2023,Quý 4,5122519000000,5.1225
THU NSNN trên địa bàn,B60,ƯỚC THỰC HIỆN QUÝ (dòng tiền quý),Tuyên Quang,2018,Quý 1,436568000000,0.4366
THU NSNN trên địa bàn,B60,ƯỚC THỰC HIỆN QUÝ (dòng tiền quý),Tuyên Quang,2018,Quý 2,493394000000,0.4934
THU NSNN trên địa bàn,B60,ƯỚC THỰC HIỆN QUÝ (dòng tiền quý),Tuyên Quang,2018,Quý 3,489044000000,0.489
THU NSNN trên địa bàn,B60,ƯỚC THỰC HIỆN QUÝ (dòng tiền quý),Tuyên Quang,2018,Quý 4,544827000000,0.5448
THU NSNN trên địa bàn,B60,ƯỚC THỰC HIỆN QUÝ (dòng tiền quý),Tuyên Quang,2019,Quý 1,455878000000,0.4559
THU NSNN trên địa bàn,B60,ƯỚC THỰC HIỆN QUÝ (dòng tiền quý),Tuyên Quang,2019,Quý 2,551472000000,0.5515
THU NSNN trên địa bàn,B60,ƯỚC THỰC HIỆN QUÝ (dòng tiền quý),Tuyên Quang,2019,Quý 3,496772000000,0.4968
THU NSNN trên địa bàn,B60,ƯỚC THỰC HIỆN QUÝ (dòng tiền quý),Tuyên Quang,2019,Quý 4,668599000000,0.6686
THU NSNN trên địa bàn,B60,ƯỚC THỰC HIỆN QUÝ (dòng tiền quý),Tuyên Quang,2020,Quý 1,500758000000,0.5008
THU NSNN trên địa bàn,B60,ƯỚC THỰC HIỆN QUÝ (dòng tiền quý),Tuyên Quang,2020,Quý 2,467987000000,0.468
THU NSNN trên địa bàn,B60,ƯỚC THỰC HIỆN QUÝ (dòng tiền quý),Tuyên Quang,2020,Quý 3,529892000000,0.5299
THU NSNN trên địa bàn,B60,ƯỚC THỰC HIỆN QUÝ (dòng tiền quý),Tuyên Quang,2020,Quý 4,884458000000,0.8845
THU NSNN trên địa bàn,B60,ƯỚC THỰC HIỆN QUÝ (dòng tiền quý),Tuyên Quang,2021,Quý 1,710730000000,0.7107
THU NSNN trên địa bàn,B60,ƯỚC THỰC HIỆN QUÝ (dòng tiền quý),Tuyên Quang,2021,Quý 2,523356000000,0.5234
THU NSNN trên địa bàn,B60,ƯỚC THỰC HIỆN QUÝ (dòng tiền quý),Tuyên Quang,2021,Quý 3,538064000000,0.5381
THU NSNN trên địa bàn,B60,ƯỚC THỰC HIỆN QUÝ (dòng tiền quý),Tuyên Quang,2021,Quý 4,846170000000,0.8462
THU NSNN trên địa bàn,B60,ƯỚC THỰC HIỆN QUÝ (dòng tiền quý),Tây Ninh,2019,Quý 1,2841667000000,2.8417
THU NSNN trên địa bàn,B60,ƯỚC THỰC HIỆN QUÝ (dòng tiền quý),Tây Ninh,2019,Quý 2,2362853000000,2.3629
THU NSNN trên địa bàn,B60,ƯỚC THỰC HIỆN QUÝ (dòng tiền quý),Tây Ninh,2019,Quý 3,1987895000000,1.9879
THU NSNN trên địa bàn,B60,ƯỚC THỰC HIỆN QUÝ (dòng tiền quý),Tây Ninh,2019,Quý 4,2173585000000,2.1736
THU NSNN trên địa bàn,B60,ƯỚC THỰC HIỆN QUÝ (dòng tiền quý),Tây Ninh,2020,Quý 1,2818779000000,2.8188
THU NSNN trên địa bàn,B60,ƯỚC THỰC HIỆN QUÝ (dòng tiền quý),Tây Ninh,2020,Quý 2,2233266000000,2.2333
THU NSNN trên địa bàn,B60,ƯỚC THỰC HIỆN QUÝ (dòng tiền quý),Tây Ninh,2020,Quý 3,2209548000000,2.2095
THU NSNN trên địa bàn,B60,ƯỚC THỰC HIỆN QUÝ (dòng tiền quý),Tây Ninh,2020,Quý 4,2788407000000,2.7884
THU NSNN trên địa bàn,B60,ƯỚC THỰC HIỆN QUÝ (dòng tiền quý),Vĩnh Long,2018,Quý 1,1557202000000,1.5572
THU NSNN trên địa bàn,B60,ƯỚC THỰC HIỆN QUÝ (dòng tiền quý),Vĩnh Long,2018,Quý 2,1469043000000,1.469
THU NSNN trên địa bàn,B60,ƯỚC THỰC HIỆN QUÝ (dòng tiền quý),Vĩnh Long,2018,Quý 3,1533377000000,1.5334
THU NSNN trên địa bàn,B60,ƯỚC THỰC HIỆN QUÝ (dòng tiền quý),Vĩnh Long,2018,Quý 4,1476608000000,1.4766
THU NSNN trên địa bàn,B60,ƯỚC THỰC HIỆN QUÝ (dòng tiền quý),Vĩnh Long,2019,Quý 1,1665500000000,1.6655
THU NSNN trên địa bàn,B60,ƯỚC THỰC HIỆN QUÝ (dòng tiền quý),Vĩnh Long,2019,Quý 2,1826200000000,1.8262
THU NSNN trên địa bàn,B60,ƯỚC THỰC HIỆN QUÝ (dòng tiền quý),Vĩnh Long,2019,Quý 3,1885600000000,1.8856
THU NSNN trên địa bàn,B60,ƯỚC THỰC HIỆN QUÝ (dòng tiền quý),Vĩnh Long,2019,Quý 4,1416500000000,1.4165
THU NSNN trên địa bàn,B60,ƯỚC THỰC HIỆN QUÝ (dòng tiền quý),Điện Biên,2018,Quý 1,229178000000,0.2292
THU NSNN trên địa bàn,B60,ƯỚC THỰC HIỆN QUÝ (dòng tiền quý),Điện Biên,2018,Quý 2,302144000000,0.3021
THU NSNN trên địa bàn,B60,ƯỚC THỰC HIỆN QUÝ (dòng tiền quý),Điện Biên,2018,Quý 3,290429000000,0.2904
THU NSNN trên địa bàn,B60,ƯỚC THỰC HIỆN QUÝ (dòng tiền quý),Điện Biên,2018,Quý 4,322743000000,0.3227
THU NSNN trên địa bàn,B60,ƯỚC THỰC HIỆN QUÝ (dòng tiền quý),Điện Biên,2019,Quý 1,256263000000,0.2563
THU NSNN trên địa bàn,B60,ƯỚC THỰC HIỆN QUÝ (dòng tiền quý),Điện Biên,2019,Quý 2,339737000000,0.3397
THU NSNN trên địa bàn,B60,ƯỚC THỰC HIỆN QUÝ (dòng tiền quý),Điện Biên,2019,Quý 3,270782000000,0.2708
THU NSNN trên địa bàn,B60,ƯỚC THỰC HIỆN QUÝ (dòng tiền quý),Điện Biên,2019,Quý 4,367115000000,0.3671
THU NSNN trên địa bàn,B60,ƯỚC THỰC HIỆN QUÝ (dòng tiền quý),Điện Biên,2021,Quý 1,294763000000,0.2948
THU NSNN trên địa bàn,B60,ƯỚC THỰC HIỆN QUÝ (dòng tiền quý),Điện Biên,2021,Quý 2,277910000000,0.2779
THU NSNN trên địa bàn,B60,ƯỚC THỰC HIỆN QUÝ (dòng tiền quý),Điện Biên,2021,Quý 3,329143000000,0.3291
THU NSNN trên địa bàn,B60,ƯỚC THỰC HIỆN QUÝ (dòng tiền quý),Điện Biên,2021,Quý 4,653984000000,0.654
THU NSNN trên địa bàn,B60,ƯỚC THỰC HIỆN QUÝ (dòng tiền quý),Đà Nẵng,2023,Quý 1,5469711000000,5.4697
THU NSNN trên địa bàn,B60,ƯỚC THỰC HIỆN QUÝ (dòng tiền quý),Đà Nẵng,2023,Quý 2,4563651000000,4.5637
THU NSNN trên địa bàn,B60,ƯỚC THỰC HIỆN QUÝ (dòng tiền quý),Đà Nẵng,2023,Quý 3,5034911000000,5.0349
THU NSNN trên địa bàn,B60,ƯỚC THỰC HIỆN QUÝ (dòng tiền quý),Đà Nẵng,2023,Quý 4,5529698000000,5.5297
THU NSNN trên địa bàn,B60,ƯỚC THỰC HIỆN QUÝ (dòng tiền quý),Đắk Lắk,2021,Quý 1,1809596000000,1.8096
THU NSNN trên địa bàn,B60,ƯỚC THỰC HIỆN QUÝ (dòng tiền quý),Đắk Lắk,2021,Quý 2,1785809000000,1.7858
THU NSNN trên địa bàn,B60,ƯỚC THỰC HIỆN QUÝ (dòng tiền quý),Đắk Lắk,2021,Quý 3,2124380000000,2.1244
THU NSNN trên địa bàn,B60,ƯỚC THỰC HIỆN QUÝ (dòng tiền quý),Đắk Lắk,2021,Quý 4,2430415000000,2.4304
THU NSNN trên địa bàn,B60,ƯỚC THỰC HIỆN QUÝ (dòng tiền quý),Đồng Nai,2021,Quý 1,22705529000000,22.7055
THU NSNN trên địa bàn,B60,ƯỚC THỰC HIỆN QUÝ (dòng tiền quý),Đồng Nai,2021,Quý 2,16049393000000,16.0494
THU NSNN trên địa bàn,B60,ƯỚC THỰC HIỆN QUÝ (dòng tiền quý),Đồng Nai,2021,Quý 3,10491893000000,10.4919
THU NSNN trên địa bàn,B60,ƯỚC THỰC HIỆN QUÝ (dòng tiền quý),Đồng Nai,2021,Quý 4,13119972000000,13.12
THU NSNN trên địa bàn,B60,ƯỚC THỰC HIỆN QUÝ (dòng tiền quý),Đồng Tháp,2023,Quý 1,2411837000000,2.4118
THU NSNN trên địa bàn,B60,ƯỚC THỰC HIỆN QUÝ (dòng tiền quý),Đồng Tháp,2023,Quý 2,1782758000000,1.7828
THU NSNN trên địa bàn,B60,ƯỚC THỰC HIỆN QUÝ (dòng tiền quý),Đồng Tháp,2023,Quý 3,1865759000000,1.8658
THU NSNN trên địa bàn,B60,ƯỚC THỰC HIỆN QUÝ (dòng tiền quý),Đồng Tháp,2023,Quý 4,2280987000000,2.281
CHI NSĐP,B61,ƯỚC THỰC HIỆN QUÝ (dòng tiền quý),Cao Bằng,2018,Quý 1,1155989000000,1.156
CHI NSĐP,B61,ƯỚC THỰC HIỆN QUÝ (dòng tiền quý),Cao Bằng,2018,Quý 2,1974595000000,1.9746
CHI NSĐP,B61,ƯỚC THỰC HIỆN QUÝ (dòng tiền quý),Cao Bằng,2018,Quý 3,0,0.0
CHI NSĐP,B61,ƯỚC THỰC HIỆN QUÝ (dòng tiền quý),Cao Bằng,2018,Quý 4,7393416000000,7.3934
CHI NSĐP,B61,ƯỚC THỰC HIỆN QUÝ (dòng tiền quý),Cao Bằng,2019,Quý 1,1142509000000,1.1425
CHI NSĐP,B61,ƯỚC THỰC HIỆN QUÝ (dòng tiền quý),Cao Bằng,2019,Quý 2,1662654000000,1.6627
CHI NSĐP,B61,ƯỚC THỰC HIỆN QUÝ (dòng tiền quý),Cao Bằng,2019,Quý 3,1879211000000,1.8792
CHI NSĐP,B61,ƯỚC THỰC HIỆN QUÝ (dòng tiền quý),Cao Bằng,2019,Quý 4,5129647000000,5.1296
CHI NSĐP,B61,ƯỚC THỰC HIỆN QUÝ (dòng tiền quý),Cao Bằng,2020,Quý 1,1368264000000,1.3683
CHI NSĐP,B61,ƯỚC THỰC HIỆN QUÝ (dòng tiền quý),Cao Bằng,2020,Quý 2,2370288000000,2.3703
CHI NSĐP,B61,ƯỚC THỰC HIỆN QUÝ (dòng tiền quý),Cao Bằng,2020,Quý 3,2587833000000,2.5878
CHI NSĐP,B61,ƯỚC THỰC HIỆN QUÝ (dòng tiền quý),Cao Bằng,2020,Quý 4,5008615000000,5.0086
CHI NSĐP,B61,ƯỚC THỰC HIỆN QUÝ (dòng tiền quý),Cao Bằng,2023,Quý 1,1374134000000,1.3741
CHI NSĐP,B61,ƯỚC THỰC HIỆN QUÝ (dòng tiền quý),Cao Bằng,2023,Quý 2,1869167000000,1.8692
CHI NSĐP,B61,ƯỚC THỰC HIỆN QUÝ (dòng tiền quý),Cao Bằng,2023,Quý 3,1991304000000,1.9913
CHI NSĐP,B61,ƯỚC THỰC HIỆN QUÝ (dòng tiền quý),Cao Bằng,2023,Quý 4,0,0.0
CHI NSĐP,B61,ƯỚC THỰC HIỆN QUÝ (dòng tiền quý),Cà Mau,2023,Quý 1,2623225000000,2.6232
CHI NSĐP,B61,ƯỚC THỰC HIỆN QUÝ (dòng tiền quý),Cà Mau,2023,Quý 2,2611585000000,2.6116
CHI NSĐP,B61,ƯỚC THỰC HIỆN QUÝ (dòng tiền quý),Cà Mau,2023,Quý 3,2984093000000,2.9841
CHI NSĐP,B61,ƯỚC THỰC HIỆN QUÝ (dòng tiền quý),Cà Mau,2023,Quý 4,3316220000000,3.3162
CHI NSĐP,B61,ƯỚC THỰC HIỆN QUÝ (dòng tiền quý),Cần Thơ,2019,Quý 1,3043253000000,3.0433
CHI NSĐP,B61,ƯỚC THỰC HIỆN QUÝ (dòng tiền quý),Cần Thơ,2019,Quý 2,2175735000000,2.1757
CHI NSĐP,B61,ƯỚC THỰC HIỆN QUÝ (dòng tiền quý),Cần Thơ,2019,Quý 3,2043689000000,2.0437
CHI NSĐP,B61,ƯỚC THỰC HIỆN QUÝ (dòng tiền quý),Cần Thơ,2019,Quý 4,4166134000000,4.1661
CHI NSĐP,B61,ƯỚC THỰC HIỆN QUÝ (dòng tiền quý),Cần Thơ,2020,Quý 1,3625682000000,3.6257
CHI NSĐP,B61,ƯỚC THỰC HIỆN QUÝ (dòng tiền quý),Cần Thơ,2020,Quý 2,3150399000000,3.1504
CHI NSĐP,B61,ƯỚC THỰC HIỆN QUÝ (dòng tiền quý),Cần Thơ,2020,Quý 3,2786392000000,2.7864
CHI NSĐP,B61,ƯỚC THỰC HIỆN QUÝ (dòng tiền quý),Cần Thơ,2020,Quý 4,857487000000,0.8575
CHI NSĐP,B61,ƯỚC THỰC HIỆN QUÝ (dòng tiền quý),Cần Thơ,2023,Quý 1,5913581000000,5.9136
CHI NSĐP,B61,ƯỚC THỰC HIỆN QUÝ (dòng tiền quý),Cần Thơ,2023,Quý 2,46370000000,0.0464
CHI NSĐP,B61,ƯỚC THỰC HIỆN QUÝ (dòng tiền quý),Cần Thơ,2023,Quý 3,3956916000000,3.9569
CHI NSĐP,B61,ƯỚC THỰC HIỆN QUÝ (dòng tiền quý),Cần Thơ,2023,Quý 4,4099506000000,4.0995
CHI NSĐP,B61,ƯỚC THỰC HIỆN QUÝ (dòng tiền quý),Hà Tĩnh,2018,Quý 1,7337450000000,7.3374
CHI NSĐP,B61,ƯỚC THỰC HIỆN QUÝ (dòng tiền quý),Hà Tĩnh,2018,Quý 2,288864000000,0.2889
CHI NSĐP,B61,ƯỚC THỰC HIỆN QUÝ (dòng tiền quý),Hà Tĩnh,2018,Quý 3,3573253000000,3.5733
CHI NSĐP,B61,ƯỚC THỰC HIỆN QUÝ (dòng tiền quý),Hà Tĩnh,2018,Quý 4,6148481000000,6.1485
CHI NSĐP,B61,ƯỚC THỰC HIỆN QUÝ (dòng tiền quý),Hà Tĩnh,2020,Quý 1,4261131000000,4.2611
CHI NSĐP,B61,ƯỚC THỰC HIỆN QUÝ (dòng tiền quý),Hà Tĩnh,2020,Quý 2,3902576000000,3.9026
CHI NSĐP,B61,ƯỚC THỰC HIỆN QUÝ (dòng tiền quý),Hà Tĩnh,2020,Quý 3,4175393000000,4.1754
CHI NSĐP,B61,ƯỚC THỰC HIỆN QUÝ (dòng tiền quý),Hà Tĩnh,2020,Quý 4,12560439000000,12.5604
CHI NSĐP,B61,ƯỚC THỰC HIỆN QUÝ (dòng tiền quý),Hà Tĩnh,2023,Quý 1,4585342000000,4.5853
CHI NSĐP,B61,ƯỚC THỰC HIỆN QUÝ (dòng tiền quý),Hà Tĩnh,2023,Quý 2,4874004000000,4.874
CHI NSĐP,B61,ƯỚC THỰC HIỆN QUÝ (dòng tiền quý),Hà Tĩnh,2023,Quý 3,7404693000000,7.4047
CHI NSĐP,B61,ƯỚC THỰC HIỆN QUÝ (dòng tiền quý),Hà Tĩnh,2023,Quý 4,7774418000000,7.7744
CHI NSĐP,B61,ƯỚC THỰC HIỆN QUÝ (dòng tiền quý),Hải Phòng,2023,Quý 1,6162279000000,6.1623
CHI NSĐP,B61,ƯỚC THỰC HIỆN QUÝ (dòng tiền quý),Hải Phòng,2023,Quý 2,7660126000000,7.6601
CHI NSĐP,B61,ƯỚC THỰC HIỆN QUÝ (dòng tiền quý),Hải Phòng,2023,Quý 3,6825329000000,6.8253
CHI NSĐP,B61,ƯỚC THỰC HIỆN QUÝ (dòng tiền quý),Hải Phòng,2023,Quý 4,13141283000000,13.1413
CHI NSĐP,B61,ƯỚC THỰC HIỆN QUÝ (dòng tiền quý),Khánh Hòa,2018,Quý 1,2704611000000,2.7046
CHI NSĐP,B61,ƯỚC THỰC HIỆN QUÝ (dòng tiền quý),Khánh Hòa,2018,Quý 2,2187402000000,2.1874
CHI NSĐP,B61,ƯỚC THỰC HIỆN QUÝ (dòng tiền quý),Khánh Hòa,2018,Quý 3,2894899000000,2.8949
CHI NSĐP,B61,ƯỚC THỰC HIỆN QUÝ (dòng tiền quý),Khánh Hòa,2018,Quý 4,0,0.0
CHI NSĐP,B61,ƯỚC THỰC HIỆN QUÝ (dòng tiền quý),Khánh Hòa,2021,Quý 1,2593297000000,2.5933
CHI NSĐP,B61,ƯỚC THỰC HIỆN QUÝ (dòng tiền quý),Khánh Hòa,2021,Quý 2,0,0.0
CHI NSĐP,B61,ƯỚC THỰC HIỆN QUÝ (dòng tiền quý),Khánh Hòa,2021,Quý 3,5476071000000,5.4761
CHI NSĐP,B61,ƯỚC THỰC HIỆN QUÝ (dòng tiền quý),Khánh Hòa,2021,Quý 4,3125375000000,3.1254
CHI NSĐP,B61,ƯỚC THỰC HIỆN QUÝ (dòng tiền quý),Khánh Hòa,2022,Quý 1,2858626000000,2.8586
CHI NSĐP,B61,ƯỚC THỰC HIỆN QUÝ (dòng tiền quý),Khánh Hòa,2022,Quý 2,2428651000000,2.4287
CHI NSĐP,B61,ƯỚC THỰC HIỆN QUÝ (dòng tiền quý),Khánh Hòa,2022,Quý 3,2840427000000,2.8404
CHI NSĐP,B61,ƯỚC THỰC HIỆN QUÝ (dòng tiền quý),Khánh Hòa,2022,Quý 4,3482986000000,3.483
CHI NSĐP,B61,ƯỚC THỰC HIỆN QUÝ (dòng tiền quý),Lai Châu,2018,Quý 1,1906942000000,1.9069
CHI NSĐP,B61,ƯỚC THỰC HIỆN QUÝ (dòng tiền quý),Lai Châu,2018,Quý 2,1742058000000,1.7421
CHI NSĐP,B61,ƯỚC THỰC HIỆN QUÝ (dòng tiền quý),Lai Châu,2018,Quý 3,2017128000000,2.0171
CHI NSĐP,B61,ƯỚC THỰC HIỆN QUÝ (dòng tiền quý),Lai Châu,2018,Quý 4,4284872000000,4.2849
CHI NSĐP,B61,ƯỚC THỰC HIỆN QUÝ (dòng tiền quý),Lai Châu,2020,Quý 1,2027011000000,2.027
CHI NSĐP,B61,ƯỚC THỰC HIỆN QUÝ (dòng tiền quý),Lai Châu,2020,Quý 2,1759222000000,1.7592
CHI NSĐP,B61,ƯỚC THỰC HIỆN QUÝ (dòng tiền quý),Lai Châu,2020,Quý 3,2061123000000,2.0611
CHI NSĐP,B61,ƯỚC THỰC HIỆN QUÝ (dòng tiền quý),Lai Châu,2020,Quý 4,2627758000000,2.6278
CHI NSĐP,B61,ƯỚC THỰC HIỆN QUÝ (dòng tiền quý),Lai Châu,2021,Quý 1,1430183000000,1.4302
CHI NSĐP,B61,ƯỚC THỰC HIỆN QUÝ (dòng tiền quý),Lai Châu,2021,Quý 2,1898650000000,1.8986
CHI NSĐP,B61,ƯỚC THỰC HIỆN QUÝ (dòng tiền quý),Lai Châu,2021,Quý 3,1947138000000,1.9471
CHI NSĐP,B61,ƯỚC THỰC HIỆN QUÝ (dòng tiền quý),Lai Châu,2021,Quý 4,2498591000000,2.4986
CHI NSĐP,B61,ƯỚC THỰC HIỆN QUÝ (dòng tiền quý),Lai Châu,2022,Quý 1,1932121000000,1.9321
CHI NSĐP,B61,ƯỚC THỰC HIỆN QUÝ (dòng tiền quý),Lai Châu,2022,Quý 2,1814425000000,1.8144
CHI NSĐP,B61,ƯỚC THỰC HIỆN QUÝ (dòng tiền quý),Lai Châu,2022,Quý 3,1380971000000,1.381
CHI NSĐP,B61,ƯỚC THỰC HIỆN QUÝ (dòng tiền quý),Lai Châu,2022,Quý 4,3747271000000,3.7473
CHI NSĐP,B61,ƯỚC THỰC HIỆN QUÝ (dòng tiền quý),Lâm Đồng,2022,Quý 1,5029805000000,5.0298
CHI NSĐP,B61,ƯỚC THỰC HIỆN QUÝ (dòng tiền quý),Lâm Đồng,2022,Quý 2,3639171000000,3.6392
CHI NSĐP,B61,ƯỚC THỰC HIỆN QUÝ (dòng tiền quý),Lâm Đồng,2022,Quý 3,3205668000000,3.2057
CHI NSĐP,B61,ƯỚC THỰC HIỆN QUÝ (dòng tiền quý),Lâm Đồng,2022,Quý 4,5138971000000,5.139
CHI NSĐP,B61,ƯỚC THỰC HIỆN QUÝ (dòng tiền quý),Lạng Sơn,2019,Quý 1,2131158000000,2.1312
CHI NSĐP,B61,ƯỚC THỰC HIỆN QUÝ (dòng tiền quý),Lạng Sơn,2019,Quý 2,3099169000000,3.0992
CHI NSĐP,B61,ƯỚC THỰC HIỆN QUÝ (dòng tiền quý),Lạng Sơn,2019,Quý 3,1620740000000,1.6207
CHI NSĐP,B61,ƯỚC THỰC HIỆN QUÝ (dòng tiền quý),Lạng Sơn,2019,Quý 4,3713749000000,3.7137
CHI NSĐP,B61,ƯỚC THỰC HIỆN QUÝ (dòng tiền quý),Lạng Sơn,2020,Quý 1,2131158000000,2.1312
CHI NSĐP,B61,ƯỚC THỰC HIỆN QUÝ (dòng tiền quý),Lạng Sơn,2020,Quý 2,2348793000000,2.3488
CHI NSĐP,B61,ƯỚC THỰC HIỆN QUÝ (dòng tiền quý),Lạng Sơn,2020,Quý 3,2640200000000,2.6402
CHI NSĐP,B61,ƯỚC THỰC HIỆN QUÝ (dòng tiền quý),Lạng Sơn,2020,Quý 4,3405244000000,3.4052
CHI NSĐP,B61,ƯỚC THỰC HIỆN QUÝ (dòng tiền quý),Nghệ An,2018,Quý 1,5294638000000,5.2946
CHI NSĐP,B61,ƯỚC THỰC HIỆN QUÝ (dòng tiền quý),Nghệ An,2018,Quý 2,6013042000000,6.013
CHI NSĐP,B61,ƯỚC THỰC HIỆN QUÝ (dòng tiền quý),Nghệ An,2018,Quý 3,6058780000000,6.0588
CHI NSĐP,B61,ƯỚC THỰC HIỆN QUÝ (dòng tiền quý),Nghệ An,2018,Quý 4,7398170000000,7.3982
CHI NSĐP,B61,ƯỚC THỰC HIỆN QUÝ (dòng tiền quý),Phú Thọ,2019,Quý 1,2998503000000,2.9985
CHI NSĐP,B61,ƯỚC THỰC HIỆN QUÝ (dòng tiền quý),Phú Thọ,2019,Quý 2,3170276000000,3.1703
CHI NSĐP,B61,ƯỚC THỰC HIỆN QUÝ (dòng tiền quý),Phú Thọ,2019,Quý 3,2625941000000,2.6259
CHI NSĐP,B61,ƯỚC THỰC HIỆN QUÝ (dòng tiền quý),Phú Thọ,2019,Quý 4,5346941000000,5.3469
CHI NSĐP,B61,ƯỚC THỰC HIỆN QUÝ (dòng tiền quý),Quảng Ngãi,2018,Quý 1,1889071000000,1.8891
CHI NSĐP,B61,ƯỚC THỰC HIỆN QUÝ (dòng tiền quý),Quảng Ngãi,2018,Quý 2,3405250000000,3.4053
CHI NSĐP,B61,ƯỚC THỰC HIỆN QUÝ (dòng tiền quý),Quảng Ngãi,2018,Quý 3,4966118000000,4.9661
CHI NSĐP,B61,ƯỚC THỰC HIỆN QUÝ (dòng tiền quý),Quảng Ngãi,2018,Quý 4,5569223000000,5.5692
CHI NSĐP,B61,ƯỚC THỰC HIỆN QUÝ (dòng tiền quý),Quảng Ngãi,2019,Quý 1,4201098000000,4.2011
CHI NSĐP,B61,ƯỚC THỰC HIỆN QUÝ (dòng tiền quý),Quảng Ngãi,2019,Quý 2,1442192000000,1.4422
CHI NSĐP,B61,ƯỚC THỰC HIỆN QUÝ (dòng tiền quý),Quảng Ngãi,2019,Quý 3,3319853000000,3.3199
CHI NSĐP,B61,ƯỚC THỰC HIỆN QUÝ (dòng tiền quý),Quảng Ngãi,2019,Quý 4,5738438000000,5.7384
CHI NSĐP,B61,ƯỚC THỰC HIỆN QUÝ (dòng tiền quý),Quảng Ngãi,2022,Quý 1,2615102000000,2.6151
CHI NSĐP,B61,ƯỚC THỰC HIỆN QUÝ (dòng tiền quý),Quảng Ngãi,2022,Quý 2,2454270000000,2.4543
CHI NSĐP,B61,ƯỚC THỰC HIỆN QUÝ (dòng tiền quý),Quảng Ngãi,2022,Quý 3,3560268000000,3.5603
CHI NSĐP,B61,ƯỚC THỰC HIỆN QUÝ (dòng tiền quý),Quảng Ngãi,2022,Quý 4,7461086000000,7.4611
CHI NSĐP,B61,ƯỚC THỰC HIỆN QUÝ (dòng tiền quý),Quảng Ngãi,2023,Quý 1,2543081000000,2.5431
CHI NSĐP,B61,ƯỚC THỰC HIỆN QUÝ (dòng tiền quý),Quảng Ngãi,2023,Quý 2,3206130000000,3.2061
CHI NSĐP,B61,ƯỚC THỰC HIỆN QUÝ (dòng tiền quý),Quảng Ngãi,2023,Quý 3,3375478000000,3.3755
CHI NSĐP,B61,ƯỚC THỰC HIỆN QUÝ (dòng tiền quý),Quảng Ngãi,2023,Quý 4,8785648000000,8.7856
CHI NSĐP,B61,ƯỚC THỰC HIỆN QUÝ (dòng tiền quý),Quảng Ninh,2018,Quý 1,5276687000000,5.2767
CHI NSĐP,B61,ƯỚC THỰC HIỆN QUÝ (dòng tiền quý),Quảng Ninh,2018,Quý 2,4878914000000,4.8789
CHI NSĐP,B61,ƯỚC THỰC HIỆN QUÝ (dòng tiền quý),Quảng Ninh,2018,Quý 3,5175626000000,5.1756
CHI NSĐP,B61,ƯỚC THỰC HIỆN QUÝ (dòng tiền quý),Quảng Ninh,2018,Quý 4,0,0.0
CHI NSĐP,B61,ƯỚC THỰC HIỆN QUÝ (dòng tiền quý),Quảng Ninh,2020,Quý 1,4522000000000,4.522
CHI NSĐP,B61,ƯỚC THỰC HIỆN QUÝ (dòng tiền quý),Quảng Ninh,2020,Quý 2,5821733000000,5.8217
CHI NSĐP,B61,ƯỚC THỰC HIỆN QUÝ (dòng tiền quý),Quảng Ninh,2020,Quý 3,8576052000000,8.5761
CHI NSĐP,B61,ƯỚC THỰC HIỆN QUÝ (dòng tiền quý),Quảng Ninh,2020,Quý 4,6259889000000,6.2599
CHI NSĐP,B61,ƯỚC THỰC HIỆN QUÝ (dòng tiền quý),Quảng Trị,2021,Quý 1,1900293000000,1.9003
CHI NSĐP,B61,ƯỚC THỰC HIỆN QUÝ (dòng tiền quý),Quảng Trị,2021,Quý 2,1943230000000,1.9432
CHI NSĐP,B61,ƯỚC THỰC HIỆN QUÝ (dòng tiền quý),Quảng Trị,2021,Quý 3,2400788000000,2.4008
CHI NSĐP,B61,ƯỚC THỰC HIỆN QUÝ (dòng tiền quý),Quảng Trị,2021,Quý 4,5775981000000,5.776
CHI NSĐP,B61,ƯỚC THỰC HIỆN QUÝ (dòng tiền quý),Quảng Trị,2023,Quý 1,3140254000000,3.1403
CHI NSĐP,B61,ƯỚC THỰC HIỆN QUÝ (dòng tiền quý),Quảng Trị,2023,Quý 2,2014669000000,2.0147
CHI NSĐP,B61,ƯỚC THỰC HIỆN QUÝ (dòng tiền quý),Quảng Trị,2023,Quý 3,2417338000000,2.4173
CHI NSĐP,B61,ƯỚC THỰC HIỆN QUÝ (dòng tiền quý),Quảng Trị,2023,Quý 4,5571534000000,5.5715
CHI NSĐP,B61,ƯỚC THỰC HIỆN QUÝ (dòng tiền quý),TP Hồ Chí Minh,2019,Quý 1,12845092000000,12.8451
CHI NSĐP,B61,ƯỚC THỰC HIỆN QUÝ (dòng tiền quý),TP Hồ Chí Minh,2019,Quý 2,10827762000000,10.8278
CHI NSĐP,B61,ƯỚC THỰC HIỆN QUÝ (dòng tiền quý),TP Hồ Chí Minh,2019,Quý 3,18542101000000,18.5421
CHI NSĐP,B61,ƯỚC THỰC HIỆN QUÝ (dòng tiền quý),TP Hồ Chí Minh,2019,Quý 4,34671512000000,34.6715
CHI NSĐP,B61,ƯỚC THỰC HIỆN QUÝ (dòng tiền quý),TP Hồ Chí Minh,2023,Quý 1,9599636000000,9.5996
CHI NSĐP,B61,ƯỚC THỰC HIỆN QUÝ (dòng tiền quý),TP Hồ Chí Minh,2023,Quý 2,35189539000000,35.1895
CHI NSĐP,B61,ƯỚC THỰC HIỆN QUÝ (dòng tiền quý),TP Hồ Chí Minh,2023,Quý 3,12262782000000,12.2628
CHI NSĐP,B61,ƯỚC THỰC HIỆN QUÝ (dòng tiền quý),TP Hồ Chí Minh,2023,Quý 4,31123048000000,31.123
CHI NSĐP,B61,ƯỚC THỰC HIỆN QUÝ (dòng tiền quý),Thanh Hóa,2018,Quý 1,6078629000000,6.0786
CHI NSĐP,B61,ƯỚC THỰC HIỆN QUÝ (dòng tiền quý),Thanh Hóa,2018,Quý 2,7340579000000,7.3406
CHI NSĐP,B61,ƯỚC THỰC HIỆN QUÝ (dòng tiền quý),Thanh Hóa,2018,Quý 3,8240370000000,8.2404
CHI NSĐP,B61,ƯỚC THỰC HIỆN QUÝ (dòng tiền quý),Thanh Hóa,2018,Quý 4,8902569000000,8.9026
CHI NSĐP,B61,ƯỚC THỰC HIỆN QUÝ (dòng tiền quý),Thanh Hóa,2020,Quý 1,7755209000000,7.7552
CHI NSĐP,B61,ƯỚC THỰC HIỆN QUÝ (dòng tiền quý),Thanh Hóa,2020,Quý 2,9501960000000,9.502
CHI NSĐP,B61,ƯỚC THỰC HIỆN QUÝ (dòng tiền quý),Thanh Hóa,2020,Quý 3,9188021000000,9.188
CHI NSĐP,B61,ƯỚC THỰC HIỆN QUÝ (dòng tiền quý),Thanh Hóa,2020,Quý 4,10558646000000,10.5586
CHI NSĐP,B61,ƯỚC THỰC HIỆN QUÝ (dòng tiền quý),Thái Nguyên,2023,Quý 1,2361539000000,2.3615
CHI NSĐP,B61,ƯỚC THỰC HIỆN QUÝ (dòng tiền quý),Thái Nguyên,2023,Quý 2,4014033000000,4.014
CHI NSĐP,B61,ƯỚC THỰC HIỆN QUÝ (dòng tiền quý),Thái Nguyên,2023,Quý 3,3302921000000,3.3029
CHI NSĐP,B61,ƯỚC THỰC HIỆN QUÝ (dòng tiền quý),Thái Nguyên,2023,Quý 4,9382050000000,9.382
CHI NSĐP,B61,ƯỚC THỰC HIỆN QUÝ (dòng tiền quý),Tuyên Quang,2018,Quý 1,1728133000000,1.7281
CHI NSĐP,B61,ƯỚC THỰC HIỆN QUÝ (dòng tiền quý),Tuyên Quang,2018,Quý 2,1751480000000,1.7515
CHI NSĐP,B61,ƯỚC THỰC HIỆN QUÝ (dòng tiền quý),Tuyên Quang,2018,Quý 3,1654423000000,1.6544
CHI NSĐP,B61,ƯỚC THỰC HIỆN QUÝ (dòng tiền quý),Tuyên Quang,2018,Quý 4,1979218000000,1.9792
CHI NSĐP,B61,ƯỚC THỰC HIỆN QUÝ (dòng tiền quý),Tuyên Quang,2019,Quý 1,1932465000000,1.9325
CHI NSĐP,B61,ƯỚC THỰC HIỆN QUÝ (dòng tiền quý),Tuyên Quang,2019,Quý 2,1754216000000,1.7542
CHI NSĐP,B61,ƯỚC THỰC HIỆN QUÝ (dòng tiền quý),Tuyên Quang,2019,Quý 3,1672722000000,1.6727
CHI NSĐP,B61,ƯỚC THỰC HIỆN QUÝ (dòng tiền quý),Tuyên Quang,2019,Quý 4,2836512000000,2.8365
CHI NSĐP,B61,ƯỚC THỰC HIỆN QUÝ (dòng tiền quý),Tuyên Quang,2021,Quý 1,8380745000000,8.3807
CHI NSĐP,B61,ƯỚC THỰC HIỆN QUÝ (dòng tiền quý),Tuyên Quang,2021,Quý 2,0,0.0
CHI NSĐP,B61,ƯỚC THỰC HIỆN QUÝ (dòng tiền quý),Tuyên Quang,2021,Quý 3,0,0.0
CHI NSĐP,B61,ƯỚC THỰC HIỆN QUÝ (dòng tiền quý),Tuyên Quang,2021,Quý 4,2195395000000,2.1954
CHI NSĐP,B61,ƯỚC THỰC HIỆN QUÝ (dòng tiền quý),Tây Ninh,2019,Quý 1,1873820000000,1.8738
CHI NSĐP,B61,ƯỚC THỰC HIỆN QUÝ (dòng tiền quý),Tây Ninh,2019,Quý 2,2246819000000,2.2468
CHI NSĐP,B61,ƯỚC THỰC HIỆN QUÝ (dòng tiền quý),Tây Ninh,2019,Quý 3,2143873000000,2.1439
CHI NSĐP,B61,ƯỚC THỰC HIỆN QUÝ (dòng tiền quý),Tây Ninh,2019,Quý 4,5296074000000,5.2961
CHI NSĐP,B61,ƯỚC THỰC HIỆN QUÝ (dòng tiền quý),Tây Ninh,2020,Quý 1,2652655000000,2.6527
CHI NSĐP,B61,ƯỚC THỰC HIỆN QUÝ (dòng tiền quý),Tây Ninh,2020,Quý 2,2839860000000,2.8399
CHI NSĐP,B61,ƯỚC THỰC HIỆN QUÝ (dòng tiền quý),Tây Ninh,2020,Quý 3,2282223000000,2.2822
CHI NSĐP,B61,ƯỚC THỰC HIỆN QUÝ (dòng tiền quý),Tây Ninh,2020,Quý 4,5395611000000,5.3956
CHI NSĐP,B61,ƯỚC THỰC HIỆN QUÝ (dòng tiền quý),Vĩnh Long,2018,Quý 1,1170042000000,1.17
CHI NSĐP,B61,ƯỚC THỰC HIỆN QUÝ (dòng tiền quý),Vĩnh Long,2018,Quý 2,2326724000000,2.3267
CHI NSĐP,B61,ƯỚC THỰC HIỆN QUÝ (dòng tiền quý),Vĩnh Long,2018,Quý 3,1981045000000,1.981
CHI NSĐP,B61,ƯỚC THỰC HIỆN QUÝ (dòng tiền quý),Vĩnh Long,2018,Quý 4,2579722000000,2.5797
CHI NSĐP,B61,ƯỚC THỰC HIỆN QUÝ (dòng tiền quý),Vĩnh Long,2019,Quý 1,1374613000000,1.3746
CHI NSĐP,B61,ƯỚC THỰC HIỆN QUÝ (dòng tiền quý),Vĩnh Long,2019,Quý 2,2547507000000,2.5475
CHI NSĐP,B61,ƯỚC THỰC HIỆN QUÝ (dòng tiền quý),Vĩnh Long,2019,Quý 3,668152000000,0.6682
CHI NSĐP,B61,ƯỚC THỰC HIỆN QUÝ (dòng tiền quý),Vĩnh Long,2019,Quý 4,3537063000000,3.5371
CHI NSĐP,B61,ƯỚC THỰC HIỆN QUÝ (dòng tiền quý),Điện Biên,2018,Quý 1,1581442000000,1.5814
CHI NSĐP,B61,ƯỚC THỰC HIỆN QUÝ (dòng tiền quý),Điện Biên,2018,Quý 2,2541793000000,2.5418
CHI NSĐP,B61,ƯỚC THỰC HIỆN QUÝ (dòng tiền quý),Điện Biên,2018,Quý 3,1512292000000,1.5123
CHI NSĐP,B61,ƯỚC THỰC HIỆN QUÝ (dòng tiền quý),Điện Biên,2018,Quý 4,3723900000000,3.7239
CHI NSĐP,B61,ƯỚC THỰC HIỆN QUÝ (dòng tiền quý),Điện Biên,2019,Quý 1,1832414000000,1.8324
CHI NSĐP,B61,ƯỚC THỰC HIỆN QUÝ (dòng tiền quý),Điện Biên,2019,Quý 2,2221086000000,2.2211
CHI NSĐP,B61,ƯỚC THỰC HIỆN QUÝ (dòng tiền quý),Điện Biên,2019,Quý 3,1836200000000,1.8362
CHI NSĐP,B61,ƯỚC THỰC HIỆN QUÝ (dòng tiền quý),Điện Biên,2019,Quý 4,3536369000000,3.5364
CHI NSĐP,B61,ƯỚC THỰC HIỆN QUÝ (dòng tiền quý),Điện Biên,2020,Quý 1,1990691000000,1.9907
CHI NSĐP,B61,ƯỚC THỰC HIỆN QUÝ (dòng tiền quý),Điện Biên,2020,Quý 2,2248809000000,2.2488
CHI NSĐP,B61,ƯỚC THỰC HIỆN QUÝ (dòng tiền quý),Điện Biên,2020,Quý 3,3590399000000,3.5904
CHI NSĐP,B61,ƯỚC THỰC HIỆN QUÝ (dòng tiền quý),Điện Biên,2020,Quý 4,3064394000000,3.0644
CHI NSĐP,B61,ƯỚC THỰC HIỆN QUÝ (dòng tiền quý),Điện Biên,2021,Quý 1,1781605000000,1.7816
CHI NSĐP,B61,ƯỚC THỰC HIỆN QUÝ (dòng tiền quý),Điện Biên,2021,Quý 2,2266495000000,2.2665
CHI NSĐP,B61,ƯỚC THỰC HIỆN QUÝ (dòng tiền quý),Điện Biên,2021,Quý 3,2091837000000,2.0918
CHI NSĐP,B61,ƯỚC THỰC HIỆN QUÝ (dòng tiền quý),Điện Biên,2021,Quý 4,3887763000000,3.8878
CHI NSĐP,B61,ƯỚC THỰC HIỆN QUÝ (dòng tiền quý),Đà Nẵng,2018,Quý 1,3869000000000,3.869
CHI NSĐP,B61,ƯỚC THỰC HIỆN QUÝ (dòng tiền quý),Đà Nẵng,2018,Quý 2,3277000000000,3.277
CHI NSĐP,B61,ƯỚC THỰC HIỆN QUÝ (dòng tiền quý),Đà Nẵng,2018,Quý 3,1308500000000,1.3085
CHI NSĐP,B61,ƯỚC THỰC HIỆN QUÝ (dòng tiền quý),Đà Nẵng,2018,Quý 4,6916500000000,6.9165
CHI NSĐP,B61,ƯỚC THỰC HIỆN QUÝ (dòng tiền quý),Đà Nẵng,2020,Quý 1,5563580000000,5.5636
CHI NSĐP,B61,ƯỚC THỰC HIỆN QUÝ (dòng tiền quý),Đà Nẵng,2020,Quý 2,3682920000000,3.6829
CHI NSĐP,B61,ƯỚC THỰC HIỆN QUÝ (dòng tiền quý),Đà Nẵng,2020,Quý 3,3341500000000,3.3415
CHI NSĐP,B61,ƯỚC THỰC HIỆN QUÝ (dòng tiền quý),Đà Nẵng,2020,Quý 4,8001419000000,8.0014
CHI NSĐP,B61,ƯỚC THỰC HIỆN QUÝ (dòng tiền quý),Đà Nẵng,2021,Quý 1,6296351000000,6.2964
CHI NSĐP,B61,ƯỚC THỰC HIỆN QUÝ (dòng tiền quý),Đà Nẵng,2021,Quý 2,4185026000000,4.185
CHI NSĐP,B61,ƯỚC THỰC HIỆN QUÝ (dòng tiền quý),Đà Nẵng,2021,Quý 3,3284124000000,3.2841
CHI NSĐP,B61,ƯỚC THỰC HIỆN QUÝ (dòng tiền quý),Đà Nẵng,2021,Quý 4,3780190000000,3.7802
CHI NSĐP,B61,ƯỚC THỰC HIỆN QUÝ (dòng tiền quý),Đà Nẵng,2023,Quý 1,5391722000000,5.3917
CHI NSĐP,B61,ƯỚC THỰC HIỆN QUÝ (dòng tiền quý),Đà Nẵng,2023,Quý 2,2745812000000,2.7458
CHI NSĐP,B61,ƯỚC THỰC HIỆN QUÝ (dòng tiền quý),Đà Nẵng,2023,Quý 3,3141571000000,3.1416
CHI NSĐP,B61,ƯỚC THỰC HIỆN QUÝ (dòng tiền quý),Đà Nẵng,2023,Quý 4,5120572000000,5.1206
CHI NSĐP,B61,ƯỚC THỰC HIỆN QUÝ (dòng tiền quý),Đắk Lắk,2019,Quý 1,16165047000000,16.165
CHI NSĐP,B61,ƯỚC THỰC HIỆN QUÝ (dòng tiền quý),Đắk Lắk,2019,Quý 2,0,0.0
CHI NSĐP,B61,ƯỚC THỰC HIỆN QUÝ (dòng tiền quý),Đắk Lắk,2019,Quý 3,0,0.0
CHI NSĐP,B61,ƯỚC THỰC HIỆN QUÝ (dòng tiền quý),Đắk Lắk,2019,Quý 4,447746000000,0.4477
CHI NSĐP,B61,ƯỚC THỰC HIỆN QUÝ (dòng tiền quý),Đắk Lắk,2021,Quý 1,4465269000000,4.4653
CHI NSĐP,B61,ƯỚC THỰC HIỆN QUÝ (dòng tiền quý),Đắk Lắk,2021,Quý 2,3475805000000,3.4758
CHI NSĐP,B61,ƯỚC THỰC HIỆN QUÝ (dòng tiền quý),Đắk Lắk,2021,Quý 3,3826555000000,3.8266
CHI NSĐP,B61,ƯỚC THỰC HIỆN QUÝ (dòng tiền quý),Đắk Lắk,2021,Quý 4,6272419000000,6.2724
CHI NSĐP,B61,ƯỚC THỰC HIỆN QUÝ (dòng tiền quý),Đồng Nai,2021,Quý 1,4061712000000,4.0617
CHI NSĐP,B61,ƯỚC THỰC HIỆN QUÝ (dòng tiền quý),Đồng Nai,2021,Quý 2,6560141000000,6.5601
CHI NSĐP,B61,ƯỚC THỰC HIỆN QUÝ (dòng tiền quý),Đồng Nai,2021,Quý 3,5254873000000,5.2549
CHI NSĐP,B61,ƯỚC THỰC HIỆN QUÝ (dòng tiền quý),Đồng Nai,2021,Quý 4,11504534000000,11.5045
CHI NSĐP,B61,ƯỚC THỰC HIỆN QUÝ (dòng tiền quý),Đồng Tháp,2023,Quý 1,5873364000000,5.8734
CHI NSĐP,B61,ƯỚC THỰC HIỆN QUÝ (dòng tiền quý),Đồng Tháp,2023,Quý 2,3294615000000,3.2946
CHI NSĐP,B61,ƯỚC THỰC HIỆN QUÝ (dòng tiền quý),Đồng Tháp,2023,Quý 3,3935145000000,3.9351
CHI NSĐP,B61,ƯỚC THỰC HIỆN QUÝ (dòng tiền quý),Đồng Tháp,2023,Quý 4,4533820000000,4.5338
